Step;Tamanho do dataset; Qtd. entradas do índice;Tempo de construção do índice(seg);Tempo de consulta para 1 palavra - Aleatório(ms);Tempo de consulta para 2 palavras - Aleatório(ms);Tempo de consulta para 1 palavra - Melhor caso(ms);Tempo de consulta para 1 palavra - Caso médio(ms);Tempo de consulta para 1 palavra - Pior caso(ms);Tempo de consulta para 2 palavras - Melhor caso(ms);Tempo de consulta para 2 palavras - Caso médio(ms);Tempo de consulta para 2 palavras - Pior caso(ms)
0;200853;113824;20,4839054;13293;25139;388;12697;22556;667;23351;46020
1;200853;113824;23,3612933;13519;25417;546;12548;22921;657;23299;46026
2;200853;113824;23,1351579;13361;25354;338;12787;22720;748;23118;46005
3;200853;113824;23,7028782;12888;25327;388;12648;22214;722;22976;46021
4;200853;113824;23,94746;13252;25378;337;12690;23027;761;23296;46283
5;200853;113824;23,5327158;13357;25436;370;12636;22922;801;23214;46123
6;200853;113824;23,963671;13118;25261;381;12608;22711;684;23067;46098
7;200853;113824;24,194826;13041;25274;356;12650;22700;651;23041;45933
8;200853;113824;24,4563873;12880;25264;345;12707;23006;673;23371;45820
9;200853;113824;23,2077136;13458;25065;347;12658;22641;635;23124;46215
10;200853;113824;23,5083689;12706;24722;391;12284;22590;744;23126;45665
11;200853;113824;24,387781;13471;25507;337;12490;22503;699;23130;46259
12;200853;113824;23,4355806;13315;25169;343;12534;22335;789;23294;46179
13;200853;113824;24,4581365;13891;26744;387;13148;23309;803;24041;48384
14;200853;113824;24,3557229;13743;26565;394;13084;25068;698;24746;49218
15;200853;113824;25,4701737;14236;27598;366;13353;23640;678;24328;48621
16;200853;113824;24,5057893;14023;26633;369;13153;23818;884;24464;47998
17;200853;113824;24,3882856;13853;26503;409;13378;23509;703;24324;48358
18;200853;113824;24,8523521;12800;25007;371;12647;22614;634;23157;45889
19;200853;113824;24,6923645;14266;26492;406;13236;23543;700;24313;48540
20;200853;113824;25,1987396;13450;26411;373;13265;23567;747;23940;48101
21;200853;113824;24,3275773;14025;26500;397;12984;23563;669;23897;48070
22;200853;113824;23,8267829;13809;26746;387;13254;23601;705;24106;48442
23;200853;113824;24,0291023;13992;26720;367;13359;23449;825;24458;47606
24;200853;113824;24,9778419;13944;26813;390;12995;23279;729;24237;48337
;;;;;;;;;;;
Step;Qtd. de entradas do índice;Tempo de inserção(ns);;;;;;;;;
0;20000;87100;;;;;;;;;
0;40000;68700;;;;;;;;;
0;60000;1400;;;;;;;;;
0;80000;1200;;;;;;;;;
0;100000;1700;;;;;;;;;
1;20000;600;;;;;;;;;
1;40000;1100;;;;;;;;;
1;60000;1900;;;;;;;;;
1;80000;1300;;;;;;;;;
1;100000;1800;;;;;;;;;
2;20000;701;;;;;;;;;
2;40000;1300;;;;;;;;;
2;60000;2000;;;;;;;;;
2;80000;1700;;;;;;;;;
2;100000;1800;;;;;;;;;
3;20000;1201;;;;;;;;;
3;40000;899;;;;;;;;;
3;60000;1299;;;;;;;;;
3;80000;1500;;;;;;;;;
3;100000;1500;;;;;;;;;
4;20000;801;;;;;;;;;
4;40000;899;;;;;;;;;
4;60000;1900;;;;;;;;;
4;80000;1600;;;;;;;;;
4;100000;2101;;;;;;;;;
5;20000;700;;;;;;;;;
5;40000;1400;;;;;;;;;
5;60000;1800;;;;;;;;;
5;80000;1700;;;;;;;;;
5;100000;1500;;;;;;;;;
6;20000;700;;;;;;;;;
6;40000;3700;;;;;;;;;
6;60000;1700;;;;;;;;;
6;80000;1400;;;;;;;;;
6;100000;1400;;;;;;;;;
7;20000;800;;;;;;;;;
7;40000;1100;;;;;;;;;
7;60000;1700;;;;;;;;;
7;80000;2099;;;;;;;;;
7;100000;4500;;;;;;;;;
8;20000;901;;;;;;;;;
8;40000;1700;;;;;;;;;
8;60000;2499;;;;;;;;;
8;80000;2000;;;;;;;;;
8;100000;2099;;;;;;;;;
9;20000;700;;;;;;;;;
9;40000;1299;;;;;;;;;
9;60000;1700;;;;;;;;;
9;80000;1599;;;;;;;;;
9;100000;1401;;;;;;;;;
10;20000;1299;;;;;;;;;
10;40000;1399;;;;;;;;;
10;60000;1700;;;;;;;;;
10;80000;1900;;;;;;;;;
10;100000;2200;;;;;;;;;
11;20000;1001;;;;;;;;;
11;40000;1701;;;;;;;;;
11;60000;1800;;;;;;;;;
11;80000;1800;;;;;;;;;
11;100000;2100;;;;;;;;;
12;20000;700;;;;;;;;;
12;40000;1101;;;;;;;;;
12;60000;1800;;;;;;;;;
12;80000;1900;;;;;;;;;
12;100000;1900;;;;;;;;;
13;20000;700;;;;;;;;;
13;40000;999;;;;;;;;;
13;60000;2299;;;;;;;;;
13;80000;1200;;;;;;;;;
13;100000;1800;;;;;;;;;
14;20000;1000;;;;;;;;;
14;40000;1200;;;;;;;;;
14;60000;1600;;;;;;;;;
14;80000;1400;;;;;;;;;
14;100000;1700;;;;;;;;;
15;20000;1200;;;;;;;;;
15;40000;1900;;;;;;;;;
15;60000;1900;;;;;;;;;
15;80000;1800;;;;;;;;;
15;100000;2000;;;;;;;;;
16;20000;800;;;;;;;;;
16;40000;1100;;;;;;;;;
16;60000;1500;;;;;;;;;
16;80000;1300;;;;;;;;;
16;100000;1900;;;;;;;;;
17;20000;700;;;;;;;;;
17;40000;900;;;;;;;;;
17;60000;2199;;;;;;;;;
17;80000;1600;;;;;;;;;
17;100000;1601;;;;;;;;;
18;20000;901;;;;;;;;;
18;40000;1400;;;;;;;;;
18;60000;2900;;;;;;;;;
18;80000;1800;;;;;;;;;
18;100000;2401;;;;;;;;;
19;20000;601;;;;;;;;;
19;40000;1000;;;;;;;;;
19;60000;2100;;;;;;;;;
19;80000;1700;;;;;;;;;
19;100000;2000;;;;;;;;;
20;20000;701;;;;;;;;;
20;40000;1200;;;;;;;;;
20;60000;1900;;;;;;;;;
20;80000;1600;;;;;;;;;
20;100000;1700;;;;;;;;;
21;20000;699;;;;;;;;;
21;40000;999;;;;;;;;;
21;60000;1600;;;;;;;;;
21;80000;1301;;;;;;;;;
21;100000;1300;;;;;;;;;
22;20000;599;;;;;;;;;
22;40000;1601;;;;;;;;;
22;60000;1600;;;;;;;;;
22;80000;1499;;;;;;;;;
22;100000;1500;;;;;;;;;
23;20000;600;;;;;;;;;
23;40000;1200;;;;;;;;;
23;60000;1800;;;;;;;;;
23;80000;1400;;;;;;;;;
23;100000;1600;;;;;;;;;
24;20000;1100;;;;;;;;;
24;40000;1500;;;;;;;;;
24;60000;2000;;;;;;;;;
24;80000;1700;;;;;;;;;
24;100000;1900;;;;;;;;;
;;;;;;;;;;;
Step;Qtd. de entradas do índice;Uso de memória(bytes);;;;;;;;;
0;20000;37672440;;;;;;;;;
0;40000;122789928;;;;;;;;;
0;60000;271155832;;;;;;;;;
0;80000;438900080;;;;;;;;;
0;100000;615200288;;;;;;;;;
1;20000;37682896;;;;;;;;;
1;40000;122800384;;;;;;;;;
1;60000;271166288;;;;;;;;;
1;80000;438910536;;;;;;;;;
1;100000;615210744;;;;;;;;;
2;20000;37693296;;;;;;;;;
2;40000;122810784;;;;;;;;;
2;60000;271176688;;;;;;;;;
2;80000;438920936;;;;;;;;;
2;100000;615221144;;;;;;;;;
3;20000;37703696;;;;;;;;;
3;40000;122821184;;;;;;;;;
3;60000;271187088;;;;;;;;;
3;80000;438931336;;;;;;;;;
3;100000;615231544;;;;;;;;;
4;20000;37714096;;;;;;;;;
4;40000;122831584;;;;;;;;;
4;60000;271197488;;;;;;;;;
4;80000;438941736;;;;;;;;;
4;100000;615241944;;;;;;;;;
5;20000;37724496;;;;;;;;;
5;40000;122841984;;;;;;;;;
5;60000;271207888;;;;;;;;;
5;80000;438952136;;;;;;;;;
5;100000;615252344;;;;;;;;;
6;20000;37734896;;;;;;;;;
6;40000;122852384;;;;;;;;;
6;60000;271218288;;;;;;;;;
6;80000;438962536;;;;;;;;;
6;100000;615262744;;;;;;;;;
7;20000;37745296;;;;;;;;;
7;40000;122862784;;;;;;;;;
7;60000;271228688;;;;;;;;;
7;80000;438972936;;;;;;;;;
7;100000;615273144;;;;;;;;;
8;20000;37755696;;;;;;;;;
8;40000;122873184;;;;;;;;;
8;60000;271239088;;;;;;;;;
8;80000;438983336;;;;;;;;;
8;100000;615283544;;;;;;;;;
9;20000;37766096;;;;;;;;;
9;40000;122883584;;;;;;;;;
9;60000;271249488;;;;;;;;;
9;80000;438993736;;;;;;;;;
9;100000;615293944;;;;;;;;;
10;20000;37776496;;;;;;;;;
10;40000;122893984;;;;;;;;;
10;60000;271259888;;;;;;;;;
10;80000;439004136;;;;;;;;;
10;100000;615304344;;;;;;;;;
11;20000;37786920;;;;;;;;;
11;40000;122904408;;;;;;;;;
11;60000;271270312;;;;;;;;;
11;80000;439014560;;;;;;;;;
11;100000;615314768;;;;;;;;;
12;20000;37797448;;;;;;;;;
12;40000;122914936;;;;;;;;;
12;60000;271280840;;;;;;;;;
12;80000;439025088;;;;;;;;;
12;100000;615325296;;;;;;;;;
13;20000;37807848;;;;;;;;;
13;40000;122925336;;;;;;;;;
13;60000;271291240;;;;;;;;;
13;80000;439035488;;;;;;;;;
13;100000;615335696;;;;;;;;;
14;20000;37818248;;;;;;;;;
14;40000;122935736;;;;;;;;;
14;60000;271301640;;;;;;;;;
14;80000;439045888;;;;;;;;;
14;100000;615346096;;;;;;;;;
15;20000;37828648;;;;;;;;;
15;40000;122946136;;;;;;;;;
15;60000;271312040;;;;;;;;;
15;80000;439056288;;;;;;;;;
15;100000;615356496;;;;;;;;;
16;20000;37839072;;;;;;;;;
16;40000;122956560;;;;;;;;;
16;60000;271322464;;;;;;;;;
16;80000;439066712;;;;;;;;;
16;100000;615366920;;;;;;;;;
17;20000;37849472;;;;;;;;;
17;40000;122966960;;;;;;;;;
17;60000;271332864;;;;;;;;;
17;80000;439077112;;;;;;;;;
17;100000;615377320;;;;;;;;;
18;20000;37859872;;;;;;;;;
18;40000;122977360;;;;;;;;;
18;60000;271343264;;;;;;;;;
18;80000;439087512;;;;;;;;;
18;100000;615387720;;;;;;;;;
19;20000;37870272;;;;;;;;;
19;40000;122987760;;;;;;;;;
19;60000;271353664;;;;;;;;;
19;80000;439097912;;;;;;;;;
19;100000;615398120;;;;;;;;;
20;20000;37880672;;;;;;;;;
20;40000;122998160;;;;;;;;;
20;60000;271364064;;;;;;;;;
20;80000;439108312;;;;;;;;;
20;100000;615408520;;;;;;;;;
21;20000;37891072;;;;;;;;;
21;40000;123008560;;;;;;;;;
21;60000;271374464;;;;;;;;;
21;80000;439118712;;;;;;;;;
21;100000;615418920;;;;;;;;;
22;20000;37902088;;;;;;;;;
22;40000;123019576;;;;;;;;;
22;60000;271385480;;;;;;;;;
22;80000;439129728;;;;;;;;;
22;100000;615429936;;;;;;;;;
23;20000;37912536;;;;;;;;;
23;40000;123030024;;;;;;;;;
23;60000;271395928;;;;;;;;;
23;80000;439140176;;;;;;;;;
23;100000;615440384;;;;;;;;;
24;20000;37922936;;;;;;;;;
24;40000;123040424;;;;;;;;;
24;60000;271406328;;;;;;;;;
24;80000;439150576;;;;;;;;;
24;100000;615450784;;;;;;;;;
;;;;;;;;;;;
Step;Chunk;Tempo consulta(ms);Tempo de busca no índice(ns);Tempo do cálculo de relevância(ms);Tempo da ordenação do resultado(ms);;;;;;
0;1;1023;3820511;472;546;;;;;;
0;2;1277;3532734;550;723;;;;;;
0;3;1478;3432100;612;862;;;;;;
0;4;1704;3579295;617;1082;;;;;;
0;5;985;3419107;362;619;;;;;;
0;6;1742;3645589;615;1121;;;;;;
0;7;947;3499888;346;597;;;;;;
0;8;1375;3502509;569;802;;;;;;
0;9;1362;3487928;559;798;;;;;;
0;10;1396;3558399;517;874;;;;;;
0;11;1601;6952880;596;996;;;;;;
0;12;3185;7088604;1342;1834;;;;;;
0;13;2662;7009182;1019;1634;;;;;;
0;14;2833;7191735;1123;1701;;;;;;
0;15;2646;7064684;1090;1548;;;;;;
0;16;3280;7735278;1364;1907;;;;;;
0;17;2124;6781505;891;1225;;;;;;
0;18;2393;7279953;960;1424;;;;;;
0;19;2342;6819981;1032;1301;;;;;;
0;20;2069;7017945;849;1211;;;;;;
0;21;21;2852494;11;7;;;;;;
0;22;44;3037672;20;21;;;;;;
0;23;22;2785620;11;8;;;;;;
0;24;31;2852810;15;12;;;;;;
0;25;18;2816018;9;6;;;;;;
0;26;26;2900137;13;9;;;;;;
0;27;141;3296823;52;84;;;;;;
0;28;24;3031823;11;9;;;;;;
0;29;25;2892573;12;9;;;;;;
0;30;31;3037882;15;13;;;;;;
0;31;25;3027904;12;9;;;;;;
0;32;71;3172766;30;37;;;;;;
0;33;83;3313276;34;45;;;;;;
0;34;24;2625191;11;9;;;;;;
0;35;164;3117312;55;105;;;;;;
0;36;2220;3531789;890;1324;;;;;;
0;37;2238;3527409;952;1281;;;;;;
0;38;2890;3758398;1119;1766;;;;;;
0;39;2551;3848171;1027;1519;;;;;;
0;40;2428;3580320;1024;1399;;;;;;
0;41;1178;3391394;443;730;;;;;;
0;42;2526;3809985;1101;1420;;;;;;
0;43;1863;3319299;794;1064;;;;;;
0;44;3090;3640302;1192;1893;;;;;;
0;45;2025;3597382;871;1149;;;;;;
0;46;2416;3791466;1007;1403;;;;;;
0;47;2418;3507269;948;1465;;;;;;
0;48;2211;3409801;865;1342;;;;;;
0;49;2210;3622324;868;1337;;;;;;
0;50;2614;3823704;1068;1541;;;;;;
0;51;36;5898768;17;12;;;;;;
0;52;66;6077902;31;28;;;;;;
0;53;65;6071063;30;28;;;;;;
0;54;74;6017353;33;33;;;;;;
0;55;70;5957506;34;29;;;;;;
0;56;70;5585417;32;32;;;;;;
0;57;55;5508794;27;21;;;;;;
0;58;39;5470807;19;13;;;;;;
0;59;55;5660597;27;21;;;;;;
0;60;132;5996804;56;69;;;;;;
0;61;1826;6864896;733;1084;;;;;;
0;62;2128;7158183;853;1267;;;;;;
0;63;2664;7217682;1139;1516;;;;;;
0;64;2017;6880095;797;1212;;;;;;
0;65;2367;6911876;938;1421;;;;;;
0;66;2164;6946198;877;1278;;;;;;
0;67;2627;6951344;1116;1502;;;;;;
0;68;2191;6898562;875;1307;;;;;;
0;69;2567;6952739;1047;1512;;;;;;
0;70;2795;7010234;1210;1577;;;;;;
0;71;4941;7443446;1980;2952;;;;;;
0;72;4055;7359776;1565;2481;;;;;;
0;73;4374;7367806;1880;2484;;;;;;
0;74;5307;7723124;2177;3120;;;;;;
0;75;5870;7781497;2466;3394;;;;;;
0;76;4719;7452770;2007;2702;;;;;;
0;77;4372;7572175;1764;2599;;;;;;
0;78;3761;7440733;1588;2164;;;;;;
0;79;4193;7346589;1686;2497;;;;;;
0;80;4425;7498025;1843;2573;;;;;;
1;1;1183;4041167;531;647;;;;;;
1;2;1257;3428994;536;716;;;;;;
1;3;1547;3610185;697;846;;;;;;
1;4;1647;3680014;716;926;;;;;;
1;5;984;3525923;365;614;;;;;;
1;6;1658;3717996;611;1042;;;;;;
1;7;1062;3440118;452;605;;;;;;
1;8;1261;3526205;463;794;;;;;;
1;9;1486;3769514;654;827;;;;;;
1;10;1429;3559673;536;889;;;;;;
1;11;1787;7009716;711;1067;;;;;;
1;12;3215;7583208;1296;1910;;;;;;
1;13;2658;8483093;1015;1633;;;;;;
1;14;2926;7435558;1131;1786;;;;;;
1;15;2654;7065975;1102;1543;;;;;;
1;16;3268;7682295;1383;1876;;;;;;
1;17;2239;7451039;904;1325;;;;;;
1;18;2418;7329999;977;1432;;;;;;
1;19;2213;6997495;927;1278;;;;;;
1;20;2035;7134380;843;1183;;;;;;
1;21;18;2504235;9;5;;;;;;
1;22;35;2625847;16;15;;;;;;
1;23;19;2433000;10;6;;;;;;
1;24;27;2544900;13;10;;;;;;
1;25;15;2416431;7;5;;;;;;
1;26;169;2585825;158;8;;;;;;
1;27;186;2857918;109;73;;;;;;
1;28;21;2853736;10;7;;;;;;
1;29;23;2776921;11;8;;;;;;
1;30;28;2894894;14;11;;;;;;
1;31;23;2832297;12;8;;;;;;
1;32;64;3060895;29;31;;;;;;
1;33;94;3136740;36;54;;;;;;
1;34;27;2950912;12;11;;;;;;
1;35;154;3248110;54;95;;;;;;
1;36;2203;3580984;910;1289;;;;;;
1;37;2140;3479323;904;1231;;;;;;
1;38;3096;3813226;1364;1727;;;;;;
1;39;2620;3822812;998;1617;;;;;;
1;40;2123;3842006;853;1265;;;;;;
1;41;1434;3930919;631;798;;;;;;
1;42;2553;3939863;1018;1529;;;;;;
1;43;1727;3424721;699;1024;;;;;;
1;44;3448;3917436;1397;2046;;;;;;
1;45;1994;3582309;793;1197;;;;;;
1;46;2335;3646148;970;1360;;;;;;
1;47;2442;3515600;964;1473;;;;;;
1;48;2269;3633580;893;1371;;;;;;
1;49;2158;3696577;865;1288;;;;;;
1;50;2555;3799604;1084;1466;;;;;;
1;51;36;5948962;17;12;;;;;;
1;52;66;6045718;31;28;;;;;;
1;53;63;5880659;29;27;;;;;;
1;54;64;5552897;31;26;;;;;;
1;55;67;5862702;33;27;;;;;;
1;56;75;5840589;33;35;;;;;;
1;57;55;5515515;27;21;;;;;;
1;58;38;5410796;19;12;;;;;;
1;59;54;5618203;27;20;;;;;;
1;60;134;6023273;55;71;;;;;;
1;61;1793;6952876;710;1075;;;;;;
1;62;2082;7257042;843;1231;;;;;;
1;63;2605;7212974;1079;1516;;;;;;
1;64;1924;6839010;835;1081;;;;;;
1;65;2504;7094714;1001;1494;;;;;;
1;66;2237;7443007;873;1355;;;;;;
1;67;2621;7447259;1127;1485;;;;;;
1;68;2321;7544465;959;1353;;;;;;
1;69;2365;6930559;846;1511;;;;;;
1;70;2843;7026421;1063;1771;;;;;;
1;71;4857;7828514;1894;2952;;;;;;
1;72;4096;7678832;1664;2423;;;;;;
1;73;4346;7543108;1760;2577;;;;;;
1;74;5482;7973400;2231;3242;;;;;;
1;75;5813;7911420;2346;3457;;;;;;
1;76;4742;7683611;1985;2748;;;;;;
1;77;4334;7598652;1730;2594;;;;;;
1;78;3664;7696259;1585;2070;;;;;;
1;79;4325;7364232;1772;2544;;;;;;
1;80;4362;7869903;1691;2662;;;;;;
2;1;1037;3566513;437;596;;;;;;
2;2;1405;3679787;626;774;;;;;;
2;3;1506;3678524;635;866;;;;;;
2;4;1750;3740328;756;989;;;;;;
2;5;1014;3419708;371;638;;;;;;
2;6;1593;3523629;643;946;;;;;;
2;7;1022;3623305;456;562;;;;;;
2;8;1287;3541500;469;813;;;;;;
2;9;1325;3383803;549;772;;;;;;
2;10;1417;3599098;573;839;;;;;;
2;11;1698;6602787;713;977;;;;;;
2;12;3088;7178789;1177;1903;;;;;;
2;13;2799;7109339;1220;1570;;;;;;
2;14;2781;7258782;1078;1694;;;;;;
2;15;2773;6850431;1157;1608;;;;;;
2;16;3085;7262175;1245;1831;;;;;;
2;17;2313;6956301;946;1359;;;;;;
2;18;2432;7079162;973;1451;;;;;;
2;19;2187;6645226;900;1279;;;;;;
2;20;2193;6986230;802;1382;;;;;;
2;21;20;2667891;11;6;;;;;;
2;22;38;2893415;18;15;;;;;;
2;23;21;2613575;11;6;;;;;;
2;24;29;2679310;14;11;;;;;;
2;25;17;2665289;9;5;;;;;;
2;26;24;2772183;12;8;;;;;;
2;27;118;2884616;49;65;;;;;;
2;28;20;2625877;10;6;;;;;;
2;29;21;2866965;11;7;;;;;;
2;30;26;2722364;13;9;;;;;;
2;31;22;2645914;11;7;;;;;;
2;32;60;2880485;28;29;;;;;;
2;33;77;2743084;33;41;;;;;;
2;34;23;2642125;11;8;;;;;;
2;35;232;2917250;53;175;;;;;;
2;36;2230;3478022;938;1287;;;;;;
2;37;2216;3408051;860;1351;;;;;;
2;38;2901;3600397;1127;1769;;;;;;
2;39;2788;3566999;1241;1542;;;;;;
2;40;2233;3476580;894;1335;;;;;;
2;41;1352;3400303;579;769;;;;;;
2;42;2349;3685686;932;1412;;;;;;
2;43;1801;3452975;708;1088;;;;;;
2;44;3304;3782608;1372;1927;;;;;;
2;45;2014;3501471;868;1142;;;;;;
2;46;2287;3464014;881;1401;;;;;;
2;47;2443;3542885;943;1495;;;;;;
2;48;2445;3546893;1094;1346;;;;;;
2;49;2215;3573420;863;1347;;;;;;
2;50;2505;3859205;979;1521;;;;;;
2;51;36;5844302;18;11;;;;;;
2;52;64;5950557;31;25;;;;;;
2;53;65;6128970;31;27;;;;;;
2;54;67;5739747;33;27;;;;;;
2;55;67;5769901;34;26;;;;;;
2;56;78;5898475;34;37;;;;;;
2;57;58;5512096;28;23;;;;;;
2;58;37;5104491;19;12;;;;;;
2;59;52;5293226;26;19;;;;;;
2;60;219;6070627;133;79;;;;;;
2;61;1742;6581280;726;1008;;;;;;
2;62;2168;7031659;856;1303;;;;;;
2;63;2507;7033567;972;1526;;;;;;
2;64;1908;6716132;758;1142;;;;;;
2;65;2468;6760043;1001;1459;;;;;;
2;66;2330;6791767;997;1324;;;;;;
2;67;2409;7012904;949;1451;;;;;;
2;68;2242;7261301;880;1353;;;;;;
2;69;2600;7065289;1120;1471;;;;;;
2;70;2740;6924586;1105;1626;;;;;;
2;71;4927;7399611;1989;2928;;;;;;
2;72;3974;7649088;1593;2372;;;;;;
2;73;4314;7455387;1798;2506;;;;;;
2;74;5469;7707597;2280;3180;;;;;;
2;75;5835;7794374;2341;3484;;;;;;
2;76;4838;7407215;2062;2767;;;;;;
2;77;4440;7667975;1752;2678;;;;;;
2;78;3646;7253926;1487;2150;;;;;;
2;79;4276;7363123;1709;2558;;;;;;
2;80;4283;7414596;1752;2522;;;;;;
3;1;1018;3662918;472;541;;;;;;
3;2;1282;3495123;555;722;;;;;;
3;3;1463;3531953;665;793;;;;;;
3;4;1321;3476212;519;797;;;;;;
3;5;1105;3550973;357;743;;;;;;
3;6;1565;3523565;557;1003;;;;;;
3;7;965;3648593;347;613;;;;;;
3;8;1437;3569391;629;804;;;;;;
3;9;1398;3773804;531;862;;;;;;
3;10;1331;3604335;463;863;;;;;;
3;11;1694;7007888;666;1020;;;;;;
3;12;3265;7722091;1257;1998;;;;;;
3;13;2627;7421081;1026;1592;;;;;;
3;14;2910;7473704;1191;1710;;;;;;
3;15;2674;7492972;1050;1615;;;;;;
3;16;3157;7723622;1302;1845;;;;;;
3;17;2158;7195589;916;1233;;;;;;
3;18;2401;7360099;960;1432;;;;;;
3;19;2268;7107812;960;1300;;;;;;
3;20;2169;7175601;924;1236;;;;;;
3;21;22;3007324;11;7;;;;;;
3;22;41;3120879;19;18;;;;;;
3;23;25;3235196;12;9;;;;;;
3;24;32;3048010;15;13;;;;;;
3;25;20;3087701;9;7;;;;;;
3;26;28;3006001;13;11;;;;;;
3;27;136;3296988;51;81;;;;;;
3;28;24;3111814;11;9;;;;;;
3;29;25;3131677;12;9;;;;;;
3;30;32;3151856;15;13;;;;;;
3;31;24;3077374;12;9;;;;;;
3;32;65;3141511;29;32;;;;;;
3;33;80;3022512;33;43;;;;;;
3;34;24;2863398;12;9;;;;;;
3;35;150;2884372;54;92;;;;;;
3;36;2094;3612050;815;1275;;;;;;
3;37;2115;3771906;840;1270;;;;;;
3;38;3205;4406526;1327;1872;;;;;;
3;39;2518;3824203;1013;1499;;;;;;
3;40;2368;3727087;1001;1362;;;;;;
3;41;1177;3549407;443;730;;;;;;
3;42;2439;3815919;1030;1404;;;;;;
3;43;1768;3548165;726;1037;;;;;;
3;44;3148;3896683;1210;1933;;;;;;
3;45;2039;3773500;797;1238;;;;;;
3;46;2189;3811468;925;1259;;;;;;
3;47;2579;3938479;1086;1488;;;;;;
3;48;2257;3636919;941;1312;;;;;;
3;49;2117;3713623;867;1244;;;;;;
3;50;2495;3927461;993;1497;;;;;;
3;51;32;5679932;16;9;;;;;;
3;52;58;5876492;30;21;;;;;;
3;53;58;5433922;27;25;;;;;;
3;54;58;5149013;28;24;;;;;;
3;55;59;5416439;29;23;;;;;;
3;56;64;5256402;29;28;;;;;;
3;57;185;5340084;159;20;;;;;;
3;58;34;5160972;17;11;;;;;;
3;59;51;5563769;25;19;;;;;;
3;60;119;5612691;51;61;;;;;;
3;61;1818;6885598;754;1056;;;;;;
3;62;2058;7160897;842;1207;;;;;;
3;63;2623;7128703;1152;1462;;;;;;
3;64;1995;7285894;833;1153;;;;;;
3;65;2408;7317238;923;1476;;;;;;
3;66;2309;7463202;948;1352;;;;;;
3;67;2329;7215149;942;1378;;;;;;
3;68;2302;7246393;997;1296;;;;;;
3;69;2523;7312600;1019;1495;;;;;;
3;70;2606;7215805;1022;1575;;;;;;
3;71;4988;7653208;2076;2902;;;;;;
3;72;3921;7564866;1569;2343;;;;;;
3;73;4330;7551228;1786;2534;;;;;;
3;74;5307;8214298;2163;3134;;;;;;
3;75;5871;7976690;2425;3436;;;;;;
3;76;4753;7953566;2004;2738;;;;;;
3;77;4556;7823193;1819;2728;;;;;;
3;78;3688;7371268;1609;2069;;;;;;
3;79;4223;7653982;1705;2508;;;;;;
3;80;4380;7855718;1732;2639;;;;;;
4;1;1051;3698291;489;557;;;;;;
4;2;1270;3458236;549;717;;;;;;
4;3;1527;3612540;643;879;;;;;;
4;4;1724;3854790;625;1094;;;;;;
4;5;1047;3748882;380;662;;;;;;
4;6;1543;3684483;619;919;;;;;;
4;7;1013;3313424;452;556;;;;;;
4;8;1247;3641265;464;778;;;;;;
4;9;1376;3614480;561;810;;;;;;
4;10;1449;3659329;584;860;;;;;;
4;11;1771;7178101;717;1045;;;;;;
4;12;2947;7327456;1177;1761;;;;;;
4;13;2736;7300001;1135;1592;;;;;;
4;14;2761;7361062;1062;1690;;;;;;
4;15;2926;7343900;1214;1704;;;;;;
4;16;3066;7807299;1192;1865;;;;;;
4;17;2179;6982384;906;1264;;;;;;
4;18;2752;7511713;1187;1556;;;;;;
4;19;2188;7049315;910;1269;;;;;;
4;20;2048;7032395;832;1208;;;;;;
4;21;21;3059595;11;6;;;;;;
4;22;37;2803424;18;16;;;;;;
4;23;21;2823922;11;6;;;;;;
4;24;28;2865099;14;9;;;;;;
4;25;17;2724897;8;5;;;;;;
4;26;24;2771591;12;8;;;;;;
4;27;117;3061723;49;64;;;;;;
4;28;20;2814124;10;6;;;;;;
4;29;21;2769518;11;7;;;;;;
4;30;26;2893791;14;9;;;;;;
4;31;21;2793623;11;7;;;;;;
4;32;59;2937205;28;27;;;;;;
4;33;78;3004313;33;41;;;;;;
4;34;23;2710213;12;8;;;;;;
4;35;311;3165418;53;253;;;;;;
4;36;2173;3549705;929;1239;;;;;;
4;37;2126;3695204;838;1283;;;;;;
4;38;2874;3743420;1089;1779;;;;;;
4;39;2707;3693294;1202;1500;;;;;;
4;40;2313;3920902;889;1418;;;;;;
4;41;1312;3501195;536;772;;;;;;
4;42;2456;3791187;936;1514;;;;;;
4;43;1969;3808262;762;1202;;;;;;
4;44;3395;3976020;1342;2047;;;;;;
4;45;2074;3650420;858;1211;;;;;;
4;46;2179;3531031;870;1304;;;;;;
4;47;2464;3801798;959;1500;;;;;;
4;48;2547;3856868;1118;1424;;;;;;
4;49;2161;3955115;864;1292;;;;;;
4;50;2466;3878467;979;1482;;;;;;
4;51;32;5518613;17;9;;;;;;
4;52;57;5750904;29;21;;;;;;
4;53;57;5834578;29;21;;;;;;
4;54;70;6318303;33;30;;;;;;
4;55;72;6549817;35;29;;;;;;
4;56;78;6269794;34;37;;;;;;
4;57;60;6152707;29;23;;;;;;
4;58;36;5376703;19;11;;;;;;
4;59;57;6828312;28;20;;;;;;
4;60;237;5856896;152;77;;;;;;
4;61;1794;7163498;716;1070;;;;;;
4;62;2157;7104198;871;1277;;;;;;
4;63;2486;7068924;969;1509;;;;;;
4;64;1997;6974125;842;1146;;;;;;
4;65;2320;7071631;924;1387;;;;;;
4;66;2369;7323796;1003;1357;;;;;;
4;67;2604;7346723;1027;1568;;;;;;
4;68;2242;7007005;928;1306;;;;;;
4;69;2592;7189300;1102;1481;;;;;;
4;70;2731;7425116;1034;1688;;;;;;
4;71;5106;7881203;2085;3011;;;;;;
4;72;3936;7447006;1564;2362;;;;;;
4;73;4222;7283390;1718;2495;;;;;;
4;74;5366;8129593;2160;3195;;;;;;
4;75;5843;7918692;2366;3466;;;;;;
4;76;4797;7707827;1916;2871;;;;;;
4;77;4503;7692902;1804;2689;;;;;;
4;78;3674;7747146;1500;2165;;;;;;
4;79;4422;7479189;1892;2521;;;;;;
4;80;4410;7728798;1745;2655;;;;;;
5;1;1036;3628186;447;584;;;;;;
5;2;1156;3419983;507;645;;;;;;
5;3;1618;3854502;744;869;;;;;;
5;4;1740;3637448;732;1003;;;;;;
5;5;1035;3297057;438;592;;;;;;
5;6;1633;3556404;626;1002;;;;;;
5;7;1059;3517519;425;630;;;;;;
5;8;1351;3389370;463;883;;;;;;
5;9;1274;3370506;516;754;;;;;;
5;10;1449;3601441;591;853;;;;;;
5;11;1842;6767430;802;1031;;;;;;
5;12;3343;7395505;1296;2038;;;;;;
5;13;2714;7267904;974;1731;;;;;;
5;14;2729;8501771;1065;1654;;;;;;
5;15;2757;7025576;1190;1559;;;;;;
5;16;3122;7384086;1295;1818;;;;;;
5;17;2142;6824489;845;1289;;;;;;
5;18;2432;7209219;967;1456;;;;;;
5;19;2106;6841653;858;1240;;;;;;
5;20;2244;7045714;931;1305;;;;;;
5;21;21;2844283;10;6;;;;;;
5;22;39;2901687;19;17;;;;;;
5;23;21;2768886;11;7;;;;;;
5;24;29;2855182;15;11;;;;;;
5;25;19;2898945;9;6;;;;;;
5;26;27;3033537;13;10;;;;;;
5;27;133;3186370;53;76;;;;;;
5;28;22;2971429;11;8;;;;;;
5;29;24;3036568;12;8;;;;;;
5;30;30;2991717;15;11;;;;;;
5;31;28;3892478;13;9;;;;;;
5;32;56;2926097;27;26;;;;;;
5;33;172;2810576;121;47;;;;;;
5;34;29;3034899;13;12;;;;;;
5;35;161;3135916;56;101;;;;;;
5;36;2159;3716414;856;1298;;;;;;
5;37;2119;3408078;909;1206;;;;;;
5;38;3058;3671211;1294;1759;;;;;;
5;39;2541;3660311;1014;1522;;;;;;
5;40;2307;3667279;897;1405;;;;;;
5;41;1339;3453703;589;745;;;;;;
5;42;2386;3826277;926;1454;;;;;;
5;43;1742;3321508;720;1017;;;;;;
5;44;3424;3755611;1397;2022;;;;;;
5;45;2030;3510766;794;1231;;;;;;
5;46;2265;3794422;926;1334;;;;;;
5;47;2516;3561140;1029;1482;;;;;;
5;48;2503;3542197;1082;1416;;;;;;
5;49;2216;3626184;869;1342;;;;;;
5;50;2496;3658698;1024;1467;;;;;;
5;51;35;5911269;17;11;;;;;;
5;52;65;5991879;31;26;;;;;;
5;53;63;6062967;30;26;;;;;;
5;54;64;5460418;31;26;;;;;;
5;55;64;5618207;33;24;;;;;;
5;56;68;5433871;32;30;;;;;;
5;57;57;5823092;28;22;;;;;;
5;58;46;7528003;21;15;;;;;;
5;59;48;5040413;24;18;;;;;;
5;60;286;6235887;196;83;;;;;;
5;61;1935;6848097;796;1131;;;;;;
5;62;2149;7129017;841;1299;;;;;;
5;63;2418;6774804;955;1455;;;;;;
5;64;1954;7000395;796;1150;;;;;;
5;65;2455;7099524;1013;1433;;;;;;
5;66;2337;6859490;992;1336;;;;;;
5;67;2343;6924360;942;1392;;;;;;
5;68;2134;6981868;865;1260;;;;;;
5;69;2648;7024106;1032;1607;;;;;;
5;70;2836;6997385;1096;1732;;;;;;
5;71;4820;7439006;1909;2902;;;;;;
5;72;3880;7146965;1611;2260;;;;;;
5;73;4475;7445990;1916;2549;;;;;;
5;74;5388;7666492;2232;3147;;;;;;
5;75;5938;7731527;2364;3565;;;;;;
5;76;4566;7605353;1831;2725;;;;;;
5;77;4539;7386406;1917;2614;;;;;;
5;78;3720;7353299;1573;2138;;;;;;
5;79;4349;7263946;1727;2613;;;;;;
5;80;4444;7614692;1820;2614;;;;;;
6;1;1180;4220317;517;658;;;;;;
6;2;1298;3546819;554;739;;;;;;
6;3;1507;3537993;488;1014;;;;;;
6;4;1562;3685320;530;1027;;;;;;
6;5;1041;3493809;368;668;;;;;;
6;6;1669;3868316;779;885;;;;;;
6;7;1005;3560958;354;646;;;;;;
6;8;1300;3653543;460;836;;;;;;
6;9;1251;3590982;605;641;;;;;;
6;10;1301;3401020;437;859;;;;;;
6;11;1632;6846145;647;976;;;;;;
6;12;3187;7362210;1256;1922;;;;;;
6;13;2703;7259412;1110;1584;;;;;;
6;14;2830;7622891;1100;1720;;;;;;
6;15;2775;7381116;1154;1612;;;;;;
6;16;3179;7722970;1250;1919;;;;;;
6;17;2062;7075012;841;1213;;;;;;
6;18;2619;7468095;1080;1530;;;;;;
6;19;2191;7149405;927;1255;;;;;;
6;20;2079;7101680;845;1225;;;;;;
6;21;22;2840208;11;7;;;;;;
6;22;44;2991497;19;21;;;;;;
6;23;24;2963507;11;9;;;;;;
6;24;33;3076883;15;13;;;;;;
6;25;20;3026661;9;7;;;;;;
6;26;29;3082006;13;11;;;;;;
6;27;134;3242721;51;80;;;;;;
6;28;23;3065745;11;8;;;;;;
6;29;21;2667026;11;7;;;;;;
6;30;27;2926838;14;9;;;;;;
6;31;21;2722231;11;7;;;;;;
6;32;59;2933506;28;28;;;;;;
6;33;79;3155107;33;42;;;;;;
6;34;23;2699678;11;8;;;;;;
6;35;144;2807718;52;88;;;;;;
6;36;2335;3657063;986;1344;;;;;;
6;37;2050;3685700;828;1217;;;;;;
6;38;2926;3833569;1109;1812;;;;;;
6;39;2758;3862523;1185;1568;;;;;;
6;40;2208;3922786;885;1318;;;;;;
6;41;1311;3577825;555;751;;;;;;
6;42;2484;3802018;1004;1475;;;;;;
6;43;1732;3800416;715;1012;;;;;;
6;44;3328;3904728;1379;1943;;;;;;
6;45;2064;3817522;812;1247;;;;;;
6;46;2240;3693763;940;1295;;;;;;
6;47;2441;3665101;953;1483;;;;;;
6;48;2307;3680006;898;1403;;;;;;
6;49;2317;3800140;1020;1293;;;;;;
6;50;2483;3938474;980;1498;;;;;;
6;51;37;6198401;17;12;;;;;;
6;52;66;6044437;31;29;;;;;;
6;53;66;6368891;30;29;;;;;;
6;54;65;5711233;31;27;;;;;;
6;55;64;5783012;33;25;;;;;;
6;56;77;5976708;34;36;;;;;;
6;57;61;6153977;30;24;;;;;;
6;58;41;6053205;20;14;;;;;;
6;59;61;6203674;29;24;;;;;;
6;60;141;6356697;57;77;;;;;;
6;61;1649;6955646;603;1038;;;;;;
6;62;2134;7066233;783;1342;;;;;;
6;63;2479;7298918;970;1501;;;;;;
6;64;1910;6883074;788;1114;;;;;;
6;65;2473;7214404;1051;1413;;;;;;
6;66;2271;7264852;874;1388;;;;;;
6;67;2500;7395709;961;1530;;;;;;
6;68;2256;7169414;973;1274;;;;;;
6;69;2695;7522520;1082;1604;;;;;;
6;70;2696;7284330;1096;1591;;;;;;
6;71;4990;7827109;2114;2866;;;;;;
6;72;4026;7533929;1711;2306;;;;;;
6;73;4278;7757086;1758;2510;;;;;;
6;74;5349;7890002;2243;3097;;;;;;
6;75;5870;8070102;2366;3494;;;;;;
6;76;4798;7814170;1943;2844;;;;;;
6;77;4326;7764990;1720;2597;;;;;;
6;78;3710;7586997;1570;2131;;;;;;
6;79;4168;7567183;1690;2469;;;;;;
6;80;4578;7855702;1811;2758;;;;;;
7;1;1049;3901665;452;593;;;;;;
7;2;1268;3591175;538;725;;;;;;
7;3;1365;3727094;495;864;;;;;;
7;4;1556;3691921;537;1014;;;;;;
7;5;1110;3580994;562;543;;;;;;
7;6;1459;3582225;494;960;;;;;;
7;7;805;3403674;318;483;;;;;;
7;8;1480;3550913;507;968;;;;;;
7;9;1431;3750018;616;810;;;;;;
7;10;1514;3755755;562;948;;;;;;
7;11;1612;7251368;599;1004;;;;;;
7;12;3351;7695153;1269;2073;;;;;;
7;13;2727;7649721;1115;1603;;;;;;
7;14;2821;7551715;1077;1734;;;;;;
7;15;2767;7206895;1158;1600;;;;;;
7;16;3172;7921663;1191;1971;;;;;;
7;17;2180;7236401;930;1241;;;;;;
7;18;2462;7404886;1033;1420;;;;;;
7;19;2135;7082455;839;1287;;;;;;
7;20;2044;7283675;840;1195;;;;;;
7;21;21;2903611;10;6;;;;;;
7;22;41;3080721;19;17;;;;;;
7;23;22;2964903;11;7;;;;;;
7;24;28;2871001;14;10;;;;;;
7;25;17;2938614;8;5;;;;;;
7;26;24;2821673;12;8;;;;;;
7;27;122;3222903;49;69;;;;;;
7;28;23;3297328;11;8;;;;;;
7;29;24;3156015;12;8;;;;;;
7;30;30;3187796;14;11;;;;;;
7;31;24;3128507;12;8;;;;;;
7;32;65;3117864;29;32;;;;;;
7;33;77;3022306;33;40;;;;;;
7;34;23;2807515;12;8;;;;;;
7;35;150;3023724;56;90;;;;;;
7;36;2330;3626566;955;1371;;;;;;
7;37;2117;3616534;841;1271;;;;;;
7;38;2849;3867834;1113;1730;;;;;;
7;39;2795;3852201;1243;1546;;;;;;
7;40;2216;3905990;941;1270;;;;;;
7;41;1342;3724310;551;786;;;;;;
7;42;2391;3844663;993;1393;;;;;;
7;43;1859;3632194;797;1057;;;;;;
7;44;3247;3865698;1317;1925;;;;;;
7;45;2019;3853807;783;1231;;;;;;
7;46;2262;3670522;877;1380;;;;;;
7;47;2425;3725109;949;1472;;;;;;
7;48;2292;3701900;897;1389;;;;;;
7;49;2309;3836724;998;1306;;;;;;
7;50;2550;3958248;975;1570;;;;;;
7;51;37;6186616;17;13;;;;;;
7;52;67;6316571;31;29;;;;;;
7;53;67;6639222;31;28;;;;;;
7;54;69;5904949;34;28;;;;;;
7;55;64;6033525;33;24;;;;;;
7;56;69;5571805;32;30;;;;;;
7;57;54;5915551;27;19;;;;;;
7;58;37;5645691;19;11;;;;;;
7;59;53;5869105;27;18;;;;;;
7;60;128;6418032;54;66;;;;;;
7;61;1759;7339923;704;1046;;;;;;
7;62;2038;7152434;833;1197;;;;;;
7;63;2579;7209975;1143;1427;;;;;;
7;64;1988;7313328;787;1193;;;;;;
7;65;2435;7516526;934;1492;;;;;;
7;66;2228;7328007;880;1340;;;;;;
7;67;2517;7142279;1132;1376;;;;;;
7;68;2193;7361165;865;1319;;;;;;
7;69;2573;7411383;1054;1510;;;;;;
7;70;2727;7381680;1137;1581;;;;;;
7;71;5067;7804082;1928;3129;;;;;;
7;72;3924;7673005;1569;2346;;;;;;
7;73;4096;7570671;1696;2391;;;;;;
7;74;5386;8461611;2187;3188;;;;;;
7;75;5736;7905429;2357;3369;;;;;;
7;76;4807;8129967;1965;2832;;;;;;
7;77;4400;7965005;1795;2595;;;;;;
7;78;3676;7626870;1505;2162;;;;;;
7;79;4237;7672518;1708;2519;;;;;;
7;80;4599;7856422;1937;2652;;;;;;
8;1;1029;3702100;477;547;;;;;;
8;2;1276;3696422;551;720;;;;;;
8;3;1469;3711318;499;965;;;;;;
8;4;1337;3711708;526;806;;;;;;
8;5;1119;3533619;564;550;;;;;;
8;6;1607;3626431;565;1038;;;;;;
8;7;884;3447675;336;543;;;;;;
8;8;1446;3625679;517;925;;;;;;
8;9;1406;3915729;629;772;;;;;;
8;10;1304;3620416;467;832;;;;;;
8;11;1905;7200374;768;1128;;;;;;
8;12;3019;7634616;1211;1798;;;;;;
8;13;2628;7528308;1071;1547;;;;;;
8;14;2856;7547720;1196;1650;;;;;;
8;15;2693;7422445;1029;1655;;;;;;
8;16;3273;7997926;1389;1874;;;;;;
8;17;2040;7213558;834;1197;;;;;;
8;18;2523;7440673;1077;1437;;;;;;
8;19;2207;7382993;921;1277;;;;;;
8;20;2117;7195483;844;1264;;;;;;
8;21;21;3017486;11;6;;;;;;
8;22;39;2910275;19;17;;;;;;
8;23;21;2838504;10;7;;;;;;
8;24;28;2870802;14;11;;;;;;
8;25;17;2773910;8;5;;;;;;
8;26;24;2820820;12;9;;;;;;
8;27;119;3152116;48;67;;;;;;
8;28;20;2868979;10;7;;;;;;
8;29;22;2779452;11;7;;;;;;
8;30;27;2977580;13;10;;;;;;
8;31;22;2980466;11;7;;;;;;
8;32;69;3357305;29;36;;;;;;
8;33;93;3200380;35;54;;;;;;
8;34;25;2906805;12;9;;;;;;
8;35;161;3137587;54;102;;;;;;
8;36;2186;3620123;894;1287;;;;;;
8;37;2062;3569684;840;1217;;;;;;
8;38;3075;3919310;1306;1764;;;;;;
8;39;2625;3893097;1019;1601;;;;;;
8;40;2386;3785214;985;1395;;;;;;
8;41;1379;3647122;546;828;;;;;;
8;42;2497;3837580;1016;1476;;;;;;
8;43;1826;3626993;745;1076;;;;;;
8;44;3166;3906182;1222;1939;;;;;;
8;45;1939;3681500;798;1136;;;;;;
8;46;2403;3709214;1034;1364;;;;;;
8;47;2547;3742230;1040;1501;;;;;;
8;48;2362;3665507;965;1393;;;;;;
8;49;2195;3828792;869;1321;;;;;;
8;50;2689;3879077;1165;1519;;;;;;
8;51;38;6595317;17;12;;;;;;
8;52;67;6228189;31;29;;;;;;
8;53;68;6498177;30;30;;;;;;
8;54;72;6297002;33;31;;;;;;
8;55;65;6054069;33;25;;;;;;
8;56;71;5969200;32;32;;;;;;
8;57;56;5859402;27;22;;;;;;
8;58;38;5731435;19;12;;;;;;
8;59;60;6257487;30;23;;;;;;
8;60;133;6507569;56;70;;;;;;
8;61;1726;7085124;691;1027;;;;;;
8;62;2194;7381892;920;1265;;;;;;
8;63;2675;7398699;1216;1449;;;;;;
8;64;2024;7388872;797;1218;;;;;;
8;65;2414;7446458;934;1471;;;;;;
8;66;2245;7312889;877;1359;;;;;;
8;67;2686;7631578;1142;1535;;;;;;
8;68;2119;7129905;873;1237;;;;;;
8;69;2545;7423486;1054;1481;;;;;;
8;70;2739;7546580;1147;1583;;;;;;
8;71;4884;7958003;1988;2886;;;;;;
8;72;3887;8028183;1555;2322;;;;;;
8;73;4169;7697205;1712;2448;;;;;;
8;74;5384;8007521;2221;3153;;;;;;
8;75;5809;8027324;2350;3449;;;;;;
8;76;4836;7843037;2022;2804;;;;;;
8;77;4413;7841991;1802;2601;;;;;;
8;78;3705;7612829;1444;2252;;;;;;
8;79;4256;7922179;1645;2600;;;;;;
8;80;4474;7927785;1879;2585;;;;;;
9;1;1027;3868014;476;546;;;;;;
9;2;1307;3406582;549;754;;;;;;
9;3;1620;3575504;721;894;;;;;;
9;4;1756;3819602;640;1110;;;;;;
9;5;1020;3411016;368;647;;;;;;
9;6;1589;3534901;574;1011;;;;;;
9;7;1061;3366305;457;599;;;;;;
9;8;1227;3457793;458;764;;;;;;
9;9;1405;3722804;507;893;;;;;;
9;10;1443;3558422;582;856;;;;;;
9;11;1699;6644813;712;978;;;;;;
9;12;2919;7139198;1138;1772;;;;;;
9;13;2754;7269577;1070;1675;;;;;;
9;14;2669;7028991;1048;1613;;;;;;
9;15;2852;7203434;1164;1679;;;;;;
9;16;3061;7521390;1229;1823;;;;;;
9;17;2368;7286969;1017;1342;;;;;;
9;18;2478;7144893;1033;1437;;;;;;
9;19;2137;7007892;907;1221;;;;;;
9;20;2123;6882932;847;1268;;;;;;
9;21;21;2777688;10;7;;;;;;
9;22;40;2907306;19;17;;;;;;
9;23;21;2696026;11;7;;;;;;
9;24;29;2802690;14;10;;;;;;
9;25;17;2681904;8;5;;;;;;
9;26;24;2694790;12;8;;;;;;
9;27;124;3012562;50;70;;;;;;
9;28;23;3427718;12;6;;;;;;
9;29;19;2350504;10;6;;;;;;
9;30;24;2442933;12;8;;;;;;
9;31;19;2445411;10;6;;;;;;
9;32;154;101775897;26;25;;;;;;
9;33;150;2879719;96;50;;;;;;
9;34;26;2831025;12;10;;;;;;
9;35;158;2925707;55;98;;;;;;
9;36;2174;3547685;856;1314;;;;;;
9;37;2158;3431419;899;1255;;;;;;
9;38;3010;3777215;1206;1799;;;;;;
9;39;2552;3866289;1006;1541;;;;;;
9;40;2253;3839122;879;1368;;;;;;
9;41;1288;3421424;546;737;;;;;;
9;42;2293;3648916;910;1378;;;;;;
9;43;1788;3402582;715;1068;;;;;;
9;44;3309;3753307;1377;1927;;;;;;
9;45;2033;3740022;793;1235;;;;;;
9;46;2151;3449553;847;1300;;;;;;
9;47;2581;3617601;1050;1526;;;;;;
9;48;2375;3508189;964;1407;;;;;;
9;49;2194;4969673;864;1323;;;;;;
9;50;2624;3742391;1147;1472;;;;;;
9;51;34;5480029;17;11;;;;;;
9;52;64;5742096;30;26;;;;;;
9;53;60;5753985;29;24;;;;;;
9;54;64;5323907;31;26;;;;;;
9;55;65;5575176;33;25;;;;;;
9;56;71;5546691;32;32;;;;;;
9;57;55;5408346;28;21;;;;;;
9;58;38;5255191;19;12;;;;;;
9;59;55;5429408;27;21;;;;;;
9;60;126;5595195;53;66;;;;;;
9;61;1865;7009883;721;1136;;;;;;
9;62;2056;6776314;842;1205;;;;;;
9;63;2490;6680159;1033;1449;;;;;;
9;64;1881;6686267;770;1103;;;;;;
9;65;2524;6894289;1101;1415;;;;;;
9;66;2223;6959219;876;1338;;;;;;
9;67;2420;7101223;946;1466;;;;;;
9;68;2371;7028968;1053;1309;;;;;;
9;69;2540;7278727;994;1536;;;;;;
9;70;2749;7173394;1130;1609;;;;;;
9;71;4864;7640330;1893;2961;;;;;;
9;72;3972;7929083;1576;2386;;;;;;
9;73;4373;7400795;1828;2536;;;;;;
9;74;5359;7802216;2226;3123;;;;;;
9;75;6181;8446596;2430;3740;;;;;;
9;76;4605;7807995;1842;2753;;;;;;
9;77;4558;7501050;1856;2693;;;;;;
9;78;3638;7367007;1556;2073;;;;;;
9;79;4341;7325528;1783;2549;;;;;;
9;80;4319;7573006;1737;2573;;;;;;
10;1;1009;3259525;476;528;;;;;;
10;2;1294;3297999;553;736;;;;;;
10;3;1511;3532203;498;1008;;;;;;
10;4;1362;3374119;535;823;;;;;;
10;5;1119;3322210;356;758;;;;;;
10;6;1450;3206205;688;758;;;;;;
10;7;997;3054686;320;672;;;;;;
10;8;1359;3363979;582;773;;;;;;
10;9;1270;3297390;436;830;;;;;;
10;10;1330;3496004;459;866;;;;;;
10;11;1538;6386598;688;843;;;;;;
10;12;3117;6722120;1156;1952;;;;;;
10;13;2548;6611080;1026;1514;;;;;;
10;14;2787;6777722;1149;1629;;;;;;
10;15;2708;6872728;1109;1590;;;;;;
10;16;3142;7393064;1154;1979;;;;;;
10;17;2037;6636707;844;1185;;;;;;
10;18;2584;6923818;1133;1442;;;;;;
10;19;2192;6642696;861;1322;;;;;;
10;20;2065;6694625;850;1207;;;;;;
10;21;21;2921892;11;7;;;;;;
10;22;45;3082714;19;22;;;;;;
10;23;24;2989558;11;9;;;;;;
10;24;32;3035615;15;13;;;;;;
10;25;20;2985205;9;7;;;;;;
10;26;28;2927636;13;11;;;;;;
10;27;139;3126339;53;82;;;;;;
10;28;23;3048813;11;8;;;;;;
10;29;24;2933519;12;8;;;;;;
10;30;30;3068876;15;11;;;;;;
10;31;24;2986600;12;8;;;;;;
10;32;61;2900186;28;28;;;;;;
10;33;78;2750394;33;42;;;;;;
10;34;23;2714026;12;8;;;;;;
10;35;147;2872921;52;91;;;;;;
10;36;2186;3270624;910;1271;;;;;;
10;37;2018;3334220;842;1171;;;;;;
10;38;2900;3537982;1123;1772;;;;;;
10;39;2487;3471130;996;1487;;;;;;
10;40;2355;3298114;1050;1301;;;;;;
10;41;1217;3380505;452;761;;;;;;
10;42;2316;3670514;916;1396;;;;;;
10;43;1765;3350992;703;1057;;;;;;
10;44;3354;3667516;1353;1996;;;;;;
10;45;2099;3377496;867;1227;;;;;;
10;46;2182;3276274;930;1247;;;;;;
10;47;2549;3331894;1087;1457;;;;;;
10;48;2332;3332698;968;1360;;;;;;
10;49;2245;3547020;946;1295;;;;;;
10;50;2526;3576611;1045;1476;;;;;;
10;51;32;5497713;16;9;;;;;;
10;52;57;5576455;29;21;;;;;;
10;53;57;5708144;29;21;;;;;;
10;54;62;5579820;31;25;;;;;;
10;55;63;5595353;33;24;;;;;;
10;56;69;5512439;32;30;;;;;;
10;57;54;5939908;26;21;;;;;;
10;58;33;4929865;17;10;;;;;;
10;59;48;5064726;24;17;;;;;;
10;60;264;5749618;175;82;;;;;;
10;61;1907;6569670;807;1091;;;;;;
10;62;2165;7004580;861;1295;;;;;;
10;63;2540;6823440;988;1543;;;;;;
10;64;1893;7648473;783;1100;;;;;;
10;65;2366;6590856;931;1426;;;;;;
10;66;2373;6570735;1065;1300;;;;;;
10;67;2470;6762098;939;1522;;;;;;
10;68;2118;6623060;744;1366;;;;;;
10;69;2576;6654189;918;1650;;;;;;
10;70;2715;7350443;1144;1561;;;;;;
10;71;4688;6963438;1891;2787;;;;;;
10;72;4076;6931805;1664;2403;;;;;;
10;73;4473;7291665;1908;2556;;;;;;
10;74;5214;7341964;2033;3172;;;;;;
10;75;5806;7492682;2377;3420;;;;;;
10;76;4710;7228211;2115;2586;;;;;;
10;77;4317;7145257;1673;2635;;;;;;
10;78;3620;6947434;1591;2019;;;;;;
10;79;4237;6766781;1514;2714;;;;;;
10;80;4521;7088827;1902;2609;;;;;;
11;1;1111;4082850;517;589;;;;;;
11;2;1232;3478809;532;696;;;;;;
11;3;1537;3685496;725;807;;;;;;
11;4;1621;3811294;569;1047;;;;;;
11;5;1130;3510127;505;621;;;;;;
11;6;1703;3963134;642;1056;;;;;;
11;7;955;3567110;343;608;;;;;;
11;8;1447;3674199;626;816;;;;;;
11;9;1382;3802889;601;777;;;;;;
11;10;1348;3799271;464;879;;;;;;
11;11;1710;7372668;680;1021;;;;;;
11;12;3330;7740105;1442;1878;;;;;;
11;13;2594;7760346;1011;1574;;;;;;
11;14;3124;7690020;1383;1731;;;;;;
11;15;2759;8045550;1002;1746;;;;;;
11;16;3212;7905105;1251;1951;;;;;;
11;17;2111;7356210;834;1268;;;;;;
11;18;2404;7529903;963;1432;;;;;;
11;19;2093;7227418;842;1242;;;;;;
11;20;2168;7409019;932;1227;;;;;;
11;21;21;2955787;11;6;;;;;;
11;22;38;2922882;18;16;;;;;;
11;23;21;2953131;11;6;;;;;;
11;24;27;2842491;14;10;;;;;;
11;25;17;2885994;8;5;;;;;;
11;26;24;2902303;12;8;;;;;;
11;27;116;3094026;48;64;;;;;;
11;28;20;2803987;10;6;;;;;;
11;29;22;2822520;11;7;;;;;;
11;30;27;2877223;14;9;;;;;;
11;31;25;4319243;13;7;;;;;;
11;32;56;2892024;26;25;;;;;;
11;33;221;3005899;169;48;;;;;;
11;34;25;2888311;12;10;;;;;;
11;35;156;3093528;55;97;;;;;;
11;36;2133;3945882;852;1276;;;;;;
11;37;2056;3589202;834;1217;;;;;;
11;38;2848;3921090;1111;1731;;;;;;
11;39;2710;3858095;1183;1522;;;;;;
11;40;2255;3741382;892;1358;;;;;;
11;41;1331;3731113;554;772;;;;;;
11;42;2380;3728794;933;1442;;;;;;
11;43;1724;3698199;711;1008;;;;;;
11;44;3126;3890500;1208;1913;;;;;;
11;45;2103;3765553;889;1209;;;;;;
11;46;2288;3918730;988;1295;;;;;;
11;47;2521;3794294;1044;1472;;;;;;
11;48;2298;3836211;898;1395;;;;;;
11;49;2158;3777839;870;1283;;;;;;
11;50;2569;3846993;1093;1471;;;;;;
11;51;35;5897359;17;11;;;;;;
11;52;62;6050376;30;25;;;;;;
11;53;62;6111249;30;25;;;;;;
11;54;68;6171780;32;28;;;;;;
11;55;79;6925537;37;34;;;;;;
11;56;81;6388811;33;40;;;;;;
11;57;64;6340701;29;27;;;;;;
11;58;42;6237099;20;15;;;;;;
11;59;61;6435912;29;25;;;;;;
11;60;141;6264024;56;78;;;;;;
11;61;1819;6834814;763;1048;;;;;;
11;62;2102;7722192;850;1242;;;;;;
11;63;2476;7374203;980;1487;;;;;;
11;64;1955;7379143;771;1175;;;;;;
11;65;2501;7410489;1060;1432;;;;;;
11;66;2187;7273181;860;1318;;;;;;
11;67;2406;7607126;954;1442;;;;;;
11;68;2280;7552785;952;1319;;;;;;
11;69;2656;7496453;1110;1537;;;;;;
11;70;2744;7536683;1032;1703;;;;;;
11;71;5000;7906329;2030;2959;;;;;;
11;72;3908;7737841;1608;2290;;;;;;
11;73;4216;7790887;1775;2431;;;;;;
11;74;5470;8319922;2250;3209;;;;;;
11;75;5938;8226120;2459;3468;;;;;;
11;76;4599;7875690;1838;2751;;;;;;
11;77;4404;7764404;1687;2708;;;;;;
11;78;3687;7631298;1551;2127;;;;;;
11;79;4360;7938589;1787;2563;;;;;;
11;80;4674;8173272;1959;2704;;;;;;
12;1;1076;3443606;480;591;;;;;;
12;2;1370;3511824;627;738;;;;;;
12;3;1481;3502432;627;849;;;;;;
12;4;1680;3785496;686;989;;;;;;
12;5;1054;3682510;385;664;;;;;;
12;6;1459;3468599;658;797;;;;;;
12;7;1045;3306487;320;721;;;;;;
12;8;1334;3464794;475;854;;;;;;
12;9;1410;3492805;622;783;;;;;;
12;10;1401;3447469;579;818;;;;;;
12;11;1832;6940781;782;1041;;;;;;
12;12;2949;7178164;1153;1788;;;;;;
12;13;2781;7142404;1139;1633;;;;;;
12;14;2738;7041351;1122;1607;;;;;;
12;15;2825;7149193;1223;1593;;;;;;
12;16;3103;7514682;1201;1893;;;;;;
12;17;2244;7129963;1007;1229;;;;;;
12;18;2461;7132521;961;1491;;;;;;
12;19;2077;6733506;830;1238;;;;;;
12;20;2156;6916449;906;1241;;;;;;
12;21;22;2952783;11;7;;;;;;
12;22;43;3021039;20;19;;;;;;
12;23;21;2751619;11;6;;;;;;
12;24;28;2711985;15;10;;;;;;
12;25;17;2633095;8;5;;;;;;
12;26;24;2585998;12;8;;;;;;
12;27;115;2912682;48;63;;;;;;
12;28;20;2609435;10;6;;;;;;
12;29;21;2636809;11;7;;;;;;
12;30;26;2693302;13;9;;;;;;
12;31;21;2639295;11;6;;;;;;
12;32;60;3124724;28;28;;;;;;
12;33;181;2895350;124;53;;;;;;
12;34;26;2779432;12;10;;;;;;
12;35;158;2910078;55;98;;;;;;
12;36;2106;3535433;858;1243;;;;;;
12;37;2089;3686529;830;1254;;;;;;
12;38;3131;3731303;1230;1896;;;;;;
12;39;2559;3843915;993;1561;;;;;;
12;40;2200;3528488;940;1255;;;;;;
12;41;1289;3441071;551;733;;;;;;
12;42;2408;3818182;993;1409;;;;;;
12;43;1705;3373468;705;995;;;;;;
12;44;3207;3867426;1302;1900;;;;;;
12;45;2007;3458088;864;1138;;;;;;
12;46;2282;3506494;940;1338;;;;;;
12;47;2661;3581000;1134;1522;;;;;;
12;48;2228;3551622;899;1324;;;;;;
12;49;2134;3646104;842;1287;;;;;;
12;50;2410;3829232;966;1438;;;;;;
12;51;34;5626077;17;10;;;;;;
12;52;61;5742714;30;24;;;;;;
12;53;59;5629211;29;23;;;;;;
12;54;73;6198061;34;31;;;;;;
12;55;66;6761195;33;25;;;;;;
12;56;63;4892589;29;28;;;;;;
12;57;50;4975630;25;19;;;;;;
12;58;33;4859712;17;10;;;;;;
12;59;147;5188126;25;116;;;;;;
12;60;199;5659207;117;75;;;;;;
12;61;1628;6622916;622;998;;;;;;
12;62;2308;7112817;1031;1268;;;;;;
12;63;2479;6920438;973;1498;;;;;;
12;64;1876;7893804;773;1094;;;;;;
12;65;2672;7139614;1127;1536;;;;;;
12;66;2283;7074504;875;1400;;;;;;
12;67;2416;7255265;945;1462;;;;;;
12;68;2111;6916918;859;1243;;;;;;
12;69;2715;7141002;1174;1532;;;;;;
12;70;2801;7259018;1103;1688;;;;;;
12;71;4983;7780631;2068;2905;;;;;;
12;72;3956;7325398;1560;2387;;;;;;
12;73;4158;7561751;1687;2463;;;;;;
12;74;5415;7788655;2214;3192;;;;;;
12;75;5996;7969599;2498;3487;;;;;;
12;76;4614;7564518;1820;2785;;;;;;
12;77;4326;7530205;1725;2592;;;;;;
12;78;3966;7277617;1739;2217;;;;;;
12;79;4424;7306601;1767;2648;;;;;;
12;80;4336;7651782;1802;2525;;;;;;
13;1;1100;3693712;509;586;;;;;;
13;2;1442;4200785;598;838;;;;;;
13;3;1734;3825790;752;978;;;;;;
13;4;1732;3808401;643;1084;;;;;;
13;5;1033;3722692;376;652;;;;;;
13;6;1639;3834914;675;958;;;;;;
13;7;945;3545137;352;588;;;;;;
13;8;1428;3793125;601;822;;;;;;
13;9;1368;3750282;586;777;;;;;;
13;10;1465;3761496;604;857;;;;;;
13;11;1701;7336997;634;1059;;;;;;
13;12;3245;7657794;1293;1943;;;;;;
13;13;2769;7748633;1130;1630;;;;;;
13;14;3042;7671685;1233;1800;;;;;;
13;15;2796;7753171;1059;1728;;;;;;
13;16;3444;8075518;1429;2005;;;;;;
13;17;2358;7558665;954;1395;;;;;;
13;18;2724;7598910;1113;1601;;;;;;
13;19;2389;7552396;964;1417;;;;;;
13;20;2271;7640003;946;1315;;;;;;
13;21;21;2921888;10;7;;;;;;
13;22;43;3151994;19;20;;;;;;
13;23;22;2868482;11;7;;;;;;
13;24;29;2941781;14;11;;;;;;
13;25;19;2930296;9;6;;;;;;
13;26;29;3103784;13;11;;;;;;
13;27;136;3287658;52;80;;;;;;
13;28;25;3244506;12;9;;;;;;
13;29;26;3232376;13;9;;;;;;
13;30;33;3424207;16;13;;;;;;
13;31;25;3349040;12;9;;;;;;
13;32;72;3470995;31;36;;;;;;
13;33;84;3045047;35;45;;;;;;
13;34;25;2921416;12;8;;;;;;
13;35;153;3065596;55;94;;;;;;
13;36;2412;3666810;1043;1365;;;;;;
13;37;2158;3864389;867;1285;;;;;;
13;38;3047;4297724;1161;1880;;;;;;
13;39;2848;3971468;1211;1631;;;;;;
13;40;2320;3938910;925;1389;;;;;;
13;41;1414;3773980;555;854;;;;;;
13;42;2447;4065404;950;1491;;;;;;
13;43;1830;3627089;736;1088;;;;;;
13;44;3266;4107113;1250;2010;;;;;;
13;45;2081;3977286;830;1246;;;;;;
13;46;2344;3816411;989;1350;;;;;;
13;47;2641;3789697;929;1706;;;;;;
13;48;2459;3841698;1001;1453;;;;;;
13;49;2262;3851786;833;1424;;;;;;
13;50;2563;3964620;998;1560;;;;;;
13;51;34;5601323;17;10;;;;;;
13;52;63;6800313;30;25;;;;;;
13;53;58;5940813;28;23;;;;;;
13;54;63;5615683;30;26;;;;;;
13;55;168;5862507;32;129;;;;;;
13;56;66;5474569;30;29;;;;;;
13;57;52;5347365;25;20;;;;;;
13;58;35;5196751;17;12;;;;;;
13;59;51;5488535;25;19;;;;;;
13;60;208;6659819;116;84;;;;;;
13;61;1782;7437200;662;1111;;;;;;
13;62;2372;8380800;1056;1307;;;;;;
13;63;2634;7549678;1019;1606;;;;;;
13;64;1997;7349104;807;1180;;;;;;
13;65;2504;7529654;974;1521;;;;;;
13;66;2265;8674991;909;1345;;;;;;
13;67;2677;7657691;1178;1490;;;;;;
13;68;2303;7636512;911;1382;;;;;;
13;69;2636;7805590;1035;1591;;;;;;
13;70;2868;7408107;1256;1603;;;;;;
13;71;5067;8117329;1984;3073;;;;;;
13;72;4252;7897365;1720;2523;;;;;;
13;73;4479;7803163;1856;2614;;;;;;
13;74;5584;8328693;2211;3363;;;;;;
13;75;6353;8600919;2631;3712;;;;;;
13;76;4841;8160561;1892;2938;;;;;;
13;77;4619;8161714;1859;2750;;;;;;
13;78;3827;8172345;1547;2270;;;;;;
13;79;4627;7876290;1892;2726;;;;;;
13;80;4730;8121273;1898;2822;;;;;;
14;1;1090;3662560;491;595;;;;;;
14;2;1347;3677265;586;756;;;;;;
14;3;1616;3652102;719;892;;;;;;
14;4;1734;3930986;597;1132;;;;;;
14;5;899;3469296;356;538;;;;;;
14;6;1646;3631866;578;1064;;;;;;
14;7;922;3364102;349;569;;;;;;
14;8;1493;3640395;647;841;;;;;;
14;9;1486;3863643;644;837;;;;;;
14;10;1504;3653780;581;918;;;;;;
14;11;1850;7156780;801;1040;;;;;;
14;12;3314;7850470;1191;2113;;;;;;
14;13;2880;7634426;1099;1772;;;;;;
14;14;2919;7573811;1187;1724;;;;;;
14;15;2983;7416697;1276;1698;;;;;;
14;16;3204;7942989;1228;1967;;;;;;
14;17;2178;7244667;869;1301;;;;;;
14;18;2714;7494596;1183;1522;;;;;;
14;19;2320;7499475;904;1406;;;;;;
14;20;2198;7228811;879;1310;;;;;;
14;21;24;3100996;11;9;;;;;;
14;22;48;3201503;20;23;;;;;;
14;23;25;3116913;12;10;;;;;;
14;24;37;4624805;16;15;;;;;;
14;25;22;3044884;10;8;;;;;;
14;26;26;2732873;12;10;;;;;;
14;27;132;3183722;53;75;;;;;;
14;28;24;3116497;11;9;;;;;;
14;29;24;3014811;12;8;;;;;;
14;30;28;2831481;14;10;;;;;;
14;31;22;2809919;11;7;;;;;;
14;32;70;3179226;30;36;;;;;;
14;33;94;3328701;37;53;;;;;;
14;34;29;3237706;13;11;;;;;;
14;35;169;3117491;57;108;;;;;;
14;36;2441;3887023;1045;1391;;;;;;
14;37;2206;3661927;849;1352;;;;;;
14;38;3006;3897308;1163;1838;;;;;;
14;39;2732;3916695;1129;1598;;;;;;
14;40;2311;3724488;889;1417;;;;;;
14;41;1417;3844918;559;853;;;;;;
14;42;2804;4416415;1024;1774;;;;;;
14;43;2078;3996599;766;1306;;;;;;
14;44;3631;4411324;1377;2247;;;;;;
14;45;2204;3870553;816;1383;;;;;;
14;46;2497;3959713;914;1577;;;;;;
14;47;2732;3813212;997;1730;;;;;;
14;48;2548;3733399;1006;1537;;;;;;
14;49;2425;3922602;904;1515;;;;;;
14;50;2729;4050896;1006;1717;;;;;;
14;51;37;6117234;19;11;;;;;;
14;52;68;6352168;33;27;;;;;;
14;53;64;6238216;31;25;;;;;;
14;54;67;5892423;33;27;;;;;;
14;55;73;6465711;36;29;;;;;;
14;56;84;6542141;36;40;;;;;;
14;57;59;6120002;29;22;;;;;;
14;58;43;6096994;21;15;;;;;;
14;59;64;6541362;30;26;;;;;;
14;60;134;5493598;55;73;;;;;;
14;61;2026;7070751;811;1206;;;;;;
14;62;2287;7518993;867;1411;;;;;;
14;63;2640;7408611;986;1644;;;;;;
14;64;2065;7217590;799;1258;;;;;;
14;65;2618;7442269;1036;1572;;;;;;
14;66;2389;8185644;896;1483;;;;;;
14;67;2606;7521727;972;1626;;;;;;
14;68;2460;7470087;983;1469;;;;;;
14;69;2761;7544783;1019;1733;;;;;;
14;70;2888;7348662;1132;1748;;;;;;
14;71;5183;8013263;1938;3235;;;;;;
14;72;4387;7810676;1720;2658;;;;;;
14;73;4629;8047165;1776;2843;;;;;;
14;74;5749;8332918;2207;3532;;;;;;
14;75;6305;8299289;2442;3852;;;;;;
14;76;5050;7902729;1958;3081;;;;;;
14;77;4632;7858918;1762;2861;;;;;;
14;78;3986;7800384;1552;2424;;;;;;
14;79;4646;7715078;1833;2804;;;;;;
14;80;4645;7833693;1767;2869;;;;;;
15;1;1063;3954532;393;665;;;;;;
15;2;1466;3711845;553;908;;;;;;
15;3;1574;3757483;610;958;;;;;;
15;4;1798;3919776;621;1172;;;;;;
15;5;1170;3648295;447;718;;;;;;
15;6;1703;3751386;602;1096;;;;;;
15;7;993;3560499;356;632;;;;;;
15;8;1490;3832606;590;896;;;;;;
15;9;1471;3846477;529;937;;;;;;
15;10;1503;3767644;576;922;;;;;;
15;11;1882;7238770;767;1106;;;;;;
15;12;3415;7848234;1167;2238;;;;;;
15;13;3055;8324441;1112;1934;;;;;;
15;14;3269;8631730;1230;2029;;;;;;
15;15;3027;7949134;1076;1941;;;;;;
15;16;3417;7952174;1413;1994;;;;;;
15;17;2239;7203081;821;1410;;;;;;
15;18;2762;7696512;1109;1644;;;;;;
15;19;2339;7253322;950;1380;;;;;;
15;20;2188;7146979;840;1339;;;;;;
15;21;22;2942015;11;7;;;;;;
15;22;42;3034695;19;19;;;;;;
15;23;22;2776437;11;8;;;;;;
15;24;30;2988774;15;12;;;;;;
15;25;18;2856513;9;6;;;;;;
15;26;26;2907224;13;9;;;;;;
15;27;126;3173815;51;71;;;;;;
15;28;22;2871741;11;7;;;;;;
15;29;24;2841836;12;8;;;;;;
15;30;29;3039090;14;11;;;;;;
15;31;23;2925600;11;8;;;;;;
15;32;65;3103109;29;31;;;;;;
15;33;84;3085080;35;46;;;;;;
15;34;28;2972280;12;10;;;;;;
15;35;156;2891389;55;97;;;;;;
15;36;2306;3670023;860;1441;;;;;;
15;37;2359;3871386;923;1431;;;;;;
15;38;3037;3942361;1170;1862;;;;;;
15;39;2642;3918100;1024;1613;;;;;;
15;40;2648;3911887;1038;1605;;;;;;
15;41;1273;3867202;472;796;;;;;;
15;42;2701;3939727;1083;1613;;;;;;
15;43;1807;3532577;718;1084;;;;;;
15;44;3353;3864501;1321;2026;;;;;;
15;45;2148;3688932;904;1239;;;;;;
15;46;2453;3784167;1022;1426;;;;;;
15;47;2568;4114319;986;1576;;;;;;
15;48;2389;3672731;935;1448;;;;;;
15;49;2202;4089872;890;1307;;;;;;
15;50;2743;3880724;1198;1540;;;;;;
15;51;36;5835703;18;11;;;;;;
15;52;62;5922908;31;24;;;;;;
15;53;63;5848607;31;25;;;;;;
15;54;70;5931944;33;29;;;;;;
15;55;71;6214198;35;28;;;;;;
15;56;77;5990837;34;36;;;;;;
15;57;64;5950010;30;27;;;;;;
15;58;40;5655265;20;13;;;;;;
15;59;58;5975540;28;22;;;;;;
15;60;134;5950137;56;71;;;;;;
15;61;1955;7379480;809;1137;;;;;;
15;62;2288;7413138;885;1394;;;;;;
15;63;2716;7265985;1115;1592;;;;;;
15;64;2033;7177818;869;1155;;;;;;
15;65;2569;7233368;1049;1512;;;;;;
15;66;2265;7310846;909;1347;;;;;;
15;67;2552;7364278;1051;1492;;;;;;
15;68;2409;7387691;1006;1394;;;;;;
15;69;2707;7476920;1100;1598;;;;;;
15;70;2828;7525518;1145;1673;;;;;;
15;71;5263;8094382;2244;3008;;;;;;
15;72;4245;7753722;1633;2602;;;;;;
15;73;4360;7681387;1769;2581;;;;;;
15;74;5895;8874700;2418;3465;;;;;;
15;75;6184;8271671;2620;3554;;;;;;
15;76;4880;7994203;1890;2980;;;;;;
15;77;4902;8097472;2119;2773;;;;;;
15;78;3767;7630589;1528;2229;;;;;;
15;79;4521;7602836;1828;2683;;;;;;
15;80;4601;7948655;1795;2796;;;;;;
16;1;1123;3628374;506;612;;;;;;
16;2;1398;3751426;643;750;;;;;;
16;3;1541;3715218;633;902;;;;;;
16;4;1811;3867536;644;1162;;;;;;
16;5;1005;3536680;373;628;;;;;;
16;6;1700;3813316;610;1085;;;;;;
16;7;978;3567656;355;618;;;;;;
16;8;1513;3749121;649;859;;;;;;
16;9;1463;3623403;690;768;;;;;;
16;10;1487;3886279;584;897;;;;;;
16;11;1840;7067289;703;1128;;;;;;
16;12;3306;7636024;1355;1942;;;;;;
16;13;3003;7668695;1090;1810;;;;;;
16;14;2953;7785034;1171;1772;;;;;;
16;15;2942;7792793;1036;1896;;;;;;
16;16;3249;7977120;1280;1958;;;;;;
16;17;2176;7266831;872;1295;;;;;;
16;18;2670;7810718;1035;1626;;;;;;
16;19;2284;7528769;912;1363;;;;;;
16;20;2206;7459531;880;1317;;;;;;
16;21;23;3001525;11;7;;;;;;
16;22;42;3029107;20;19;;;;;;
16;23;23;2858681;11;8;;;;;;
16;24;31;2990412;15;11;;;;;;
16;25;18;2853066;9;6;;;;;;
16;26;26;3003892;13;9;;;;;;
16;27;127;3189072;51;72;;;;;;
16;28;22;2945488;11;7;;;;;;
16;29;23;2940793;12;8;;;;;;
16;30;29;3033273;14;11;;;;;;
16;31;23;2911381;12;8;;;;;;
16;32;65;3087601;30;31;;;;;;
16;33;85;3086796;35;46;;;;;;
16;34;25;2899379;12;10;;;;;;
16;35;173;3209281;58;110;;;;;;
16;36;2333;3835021;886;1442;;;;;;
16;37;2391;3918195;980;1406;;;;;;
16;38;3014;3980703;1161;1848;;;;;;
16;39;2654;4233105;1036;1612;;;;;;
16;40;2384;3791173;1020;1358;;;;;;
16;41;1230;3700434;463;763;;;;;;
16;42;2613;3918376;1145;1463;;;;;;
16;43;1754;3615838;633;1116;;;;;;
16;44;3534;4070666;1416;2112;;;;;;
16;45;2111;3976993;809;1296;;;;;;
16;46;2424;3844523;985;1434;;;;;;
16;47;2822;3767376;1180;1637;;;;;;
16;48;2441;3755206;862;1574;;;;;;
16;49;2298;4017705;899;1393;;;;;;
16;50;2587;4007620;1024;1558;;;;;;
16;51;33;5684425;16;10;;;;;;
16;52;55;5540390;27;21;;;;;;
16;53;199;5392314;26;166;;;;;;
16;54;59;5302019;29;24;;;;;;
16;55;59;5328585;30;22;;;;;;
16;56;65;5381997;30;29;;;;;;
16;57;51;5141166;25;20;;;;;;
16;58;34;4876393;17;10;;;;;;
16;59;49;5156158;25;18;;;;;;
16;60;275;6993222;176;90;;;;;;
16;61;1945;7631805;841;1095;;;;;;
16;62;2229;7414804;940;1280;;;;;;
16;63;2573;7292597;1003;1561;;;;;;
16;64;2079;7094106;861;1210;;;;;;
16;65;2521;7468404;973;1539;;;;;;
16;66;2425;8161631;992;1423;;;;;;
16;67;2787;7465310;1190;1589;;;;;;
16;68;2375;7434843;987;1380;;;;;;
16;69;2669;7599089;1056;1604;;;;;;
16;70;2856;7534299;1180;1667;;;;;;
16;71;4962;8516150;1964;2988;;;;;;
16;72;4081;7706031;1636;2435;;;;;;
16;73;4678;7818229;2053;2615;;;;;;
16;74;5750;8263708;2324;3416;;;;;;
16;75;6210;8500393;2529;3671;;;;;;
16;76;4936;8258609;1907;3019;;;;;;
16;77;4524;9246787;1877;2635;;;;;;
16;78;3682;7741237;1447;2225;;;;;;
16;79;4594;7768201;1934;2650;;;;;;
16;80;4576;8160352;1883;2683;;;;;;
17;1;1095;3609906;502;588;;;;;;
17;2;1339;3689122;564;770;;;;;;
17;3;1616;3768663;691;920;;;;;;
17;4;1710;4100507;703;1002;;;;;;
17;5;993;3407731;370;618;;;;;;
17;6;1718;3778928;741;973;;;;;;
17;7;1031;3433305;350;676;;;;;;
17;8;1404;3564411;568;832;;;;;;
17;9;1449;3761310;622;822;;;;;;
17;10;1493;3670706;539;949;;;;;;
17;11;1737;7164421;630;1098;;;;;;
17;12;3283;7629709;1240;2033;;;;;;
17;13;2735;7625792;988;1738;;;;;;
17;14;3019;7699605;1233;1776;;;;;;
17;15;2889;7508712;1161;1720;;;;;;
17;16;3268;7762701;1332;1927;;;;;;
17;17;2204;7269897;934;1261;;;;;;
17;18;2679;7524675;1055;1615;;;;;;
17;19;2336;7171799;890;1438;;;;;;
17;20;2347;7481931;921;1417;;;;;;
17;21;25;3271423;12;9;;;;;;
17;22;48;3242028;20;23;;;;;;
17;23;26;3148624;12;10;;;;;;
17;24;36;3269719;16;15;;;;;;
17;25;21;3099317;9;8;;;;;;
17;26;30;3234114;14;12;;;;;;
17;27;144;3340574;53;86;;;;;;
17;28;22;2971422;11;7;;;;;;
17;29;23;2856417;12;8;;;;;;
17;30;29;3074494;14;11;;;;;;
17;31;23;2973594;12;8;;;;;;
17;32;66;3124492;29;32;;;;;;
17;33;85;3038472;35;46;;;;;;
17;34;26;2906359;13;10;;;;;;
17;35;174;4641310;58;111;;;;;;
17;36;2417;3750894;996;1417;;;;;;
17;37;2200;3562693;835;1360;;;;;;
17;38;3243;3876204;1298;1940;;;;;;
17;39;2672;4118001;975;1691;;;;;;
17;40;2465;3764811;1050;1410;;;;;;
17;41;1292;3767493;473;814;;;;;;
17;42;2628;3989581;1088;1535;;;;;;
17;43;1804;3494486;730;1069;;;;;;
17;44;3319;3909396;1275;2039;;;;;;
17;45;2068;3755084;826;1237;;;;;;
17;46;2463;3780514;1024;1433;;;;;;
17;47;2603;3816480;973;1625;;;;;;
17;48;2411;3731906;928;1478;;;;;;
17;49;2264;3826934;882;1377;;;;;;
17;50;2652;3970001;1114;1533;;;;;;
17;51;35;5625945;17;11;;;;;;
17;52;62;5780102;30;25;;;;;;
17;53;63;6084792;30;26;;;;;;
17;54;68;5800294;32;29;;;;;;
17;55;69;5974908;34;28;;;;;;
17;56;76;5905503;33;35;;;;;;
17;57;61;6099753;28;25;;;;;;
17;58;43;6018569;21;15;;;;;;
17;59;67;6575030;30;29;;;;;;
17;60;154;6329837;59;88;;;;;;
17;61;1949;7186240;800;1139;;;;;;
17;62;2194;7401889;872;1314;;;;;;
17;63;2755;7412798;1123;1623;;;;;;
17;64;2056;7183369;803;1244;;;;;;
17;65;2568;7306445;1034;1525;;;;;;
17;66;2316;7299292;968;1340;;;;;;
17;67;2588;7504972;997;1582;;;;;;
17;68;2425;7523233;1032;1384;;;;;;
17;69;2580;7317677;1026;1545;;;;;;
17;70;2888;7480215;1140;1739;;;;;;
17;71;5269;7901013;2193;3066;;;;;;
17;72;4170;7689611;1723;2437;;;;;;
17;73;4494;7608523;1852;2633;;;;;;
17;74;5706;8457035;2341;3354;;;;;;
17;75;6062;8130562;2484;3567;;;;;;
17;76;4908;8124565;2023;2875;;;;;;
17;77;4562;7864700;1809;2743;;;;;;
17;78;3834;7785548;1549;2274;;;;;;
17;79;4500;7711102;1862;2629;;;;;;
17;80;4850;8194601;2010;2830;;;;;;
18;1;1076;3979114;480;590;;;;;;
18;2;1273;3581987;553;715;;;;;;
18;3;1466;3718201;608;854;;;;;;
18;4;1597;3703368;549;1043;;;;;;
18;5;1041;3426240;525;512;;;;;;
18;6;1456;3573411;494;957;;;;;;
18;7;806;3410468;318;484;;;;;;
18;8;1570;3689756;620;945;;;;;;
18;9;1382;3909782;464;913;;;;;;
18;10;1129;3447909;435;689;;;;;;
18;11;1572;6743818;559;1005;;;;;;
18;12;3209;7583196;1170;2030;;;;;;
18;13;2524;6989880;838;1677;;;;;;
18;14;2752;7420393;1175;1568;;;;;;
18;15;2941;7775208;1168;1763;;;;;;
18;16;3110;7773813;1179;1922;;;;;;
18;17;2081;7118661;833;1240;;;;;;
18;18;2566;7928575;1081;1476;;;;;;
18;19;2147;7192942;849;1290;;;;;;
18;20;2099;7339122;847;1242;;;;;;
18;21;20;2842769;10;6;;;;;;
18;22;39;2905392;19;17;;;;;;
18;23;21;2797007;11;7;;;;;;
18;24;31;3089603;15;12;;;;;;
18;25;20;3035073;9;7;;;;;;
18;26;27;3106111;13;10;;;;;;
18;27;133;3289698;51;78;;;;;;
18;28;23;3210321;11;8;;;;;;
18;29;24;3192005;12;8;;;;;;
18;30;28;3080276;14;10;;;;;;
18;31;22;2882314;11;7;;;;;;
18;32;61;3126201;28;29;;;;;;
18;33;89;3436815;36;49;;;;;;
18;34;26;3148671;12;10;;;;;;
18;35;156;3182709;54;98;;;;;;
18;36;2340;3718973;949;1387;;;;;;
18;37;2106;3774198;839;1262;;;;;;
18;38;2858;3828819;1175;1677;;;;;;
18;39;2696;3820488;1139;1552;;;;;;
18;40;2288;3773420;892;1391;;;;;;
18;41;1307;3682205;546;757;;;;;;
18;42;2435;3934099;986;1443;;;;;;
18;43;1797;3482763;709;1083;;;;;;
18;44;3396;3987309;1411;1979;;;;;;
18;45;1968;3617447;807;1156;;;;;;
18;46;2213;3738300;875;1333;;;;;;
18;47;2407;3784527;956;1446;;;;;;
18;48;2248;3677777;890;1353;;;;;;
18;49;2392;3935886;1105;1282;;;;;;
18;50;2447;4000171;964;1478;;;;;;
18;51;37;6337658;17;12;;;;;;
18;52;63;6143227;30;25;;;;;;
18;53;58;5983121;28;23;;;;;;
18;54;64;5883750;31;26;;;;;;
18;55;70;6158880;34;28;;;;;;
18;56;70;5747177;33;30;;;;;;
18;57;54;5911398;27;20;;;;;;
18;58;37;5614717;19;11;;;;;;
18;59;53;5851160;27;18;;;;;;
18;60;124;5810066;54;64;;;;;;
18;61;1772;6978464;706;1058;;;;;;
18;62;2112;7443127;846;1257;;;;;;
18;63;2622;7297818;1090;1524;;;;;;
18;64;1990;7580891;780;1201;;;;;;
18;65;2309;7341391;922;1377;;;;;;
18;66;2192;7571834;874;1308;;;;;;
18;67;2575;7318830;1068;1498;;;;;;
18;68;2120;7270237;867;1244;;;;;;
18;69;2527;7558233;1005;1513;;;;;;
18;70;2934;7713770;1292;1632;;;;;;
18;71;4934;8035095;1890;3033;;;;;;
18;72;3994;7631302;1663;2321;;;;;;
18;73;4199;7809104;1713;2476;;;;;;
18;74;5347;8013093;2164;3173;;;;;;
18;75;5761;8350789;2351;3399;;;;;;
18;76;4544;7780562;1883;2651;;;;;;
18;77;4580;7989257;1871;2699;;;;;;
18;78;3677;7860393;1370;2298;;;;;;
18;79;4506;7583268;1883;2613;;;;;;
18;80;4344;7803473;1742;2592;;;;;;
19;1;1225;3989323;549;671;;;;;;
19;2;1350;3627480;566;780;;;;;;
19;3;1640;3602878;733;902;;;;;;
19;4;1745;3946404;699;1041;;;;;;
19;5;1096;3761027;387;705;;;;;;
19;6;1691;3750523;726;960;;;;;;
19;7;1125;3741630;516;605;;;;;;
19;8;1446;3833421;573;868;;;;;;
19;9;1398;3798887;546;847;;;;;;
19;10;1545;3684913;556;984;;;;;;
19;11;1842;7231310;730;1103;;;;;;
19;12;3300;7894826;1262;2029;;;;;;
19;13;2786;7620689;1112;1665;;;;;;
19;14;2877;7461300;1156;1712;;;;;;
19;15;3003;7503078;1287;1707;;;;;;
19;16;3290;8026746;1182;2098;;;;;;
19;17;2255;7385643;939;1307;;;;;;
19;18;2680;7607641;1082;1589;;;;;;
19;19;2178;7068683;866;1303;;;;;;
19;20;2275;7610509;966;1299;;;;;;
19;21;24;3151293;12;8;;;;;;
19;22;46;3366591;21;21;;;;;;
19;23;24;3157507;12;8;;;;;;
19;24;34;3251616;16;13;;;;;;
19;25;20;3243511;9;7;;;;;;
19;26;29;3163406;14;11;;;;;;
19;27;143;3555408;54;84;;;;;;
19;28;24;3366409;12;8;;;;;;
19;29;26;3399771;12;9;;;;;;
19;30;32;3267411;16;13;;;;;;
19;31;25;3101992;12;8;;;;;;
19;32;64;3176307;29;31;;;;;;
19;33;83;3041496;35;44;;;;;;
19;34;25;2951707;12;9;;;;;;
19;35;246;3294800;142;99;;;;;;
19;36;2312;3797870;901;1406;;;;;;
19;37;2204;3732124;868;1332;;;;;;
19;38;3007;3919406;1218;1783;;;;;;
19;39;2847;3990793;1232;1609;;;;;;
19;40;2419;3829494;991;1423;;;;;;
19;41;1384;3702413;582;797;;;;;;
19;42;2547;3951787;1034;1508;;;;;;
19;43;1843;3571703;759;1079;;;;;;
19;44;3396;3883091;1358;2032;;;;;;
19;45;2143;3844976;892;1246;;;;;;
19;46;2281;4093292;903;1372;;;;;;
19;47;2622;4061973;1003;1614;;;;;;
19;48;2419;3699382;1003;1411;;;;;;
19;49;2193;3822352;884;1303;;;;;;
19;50;2710;4197324;1178;1526;;;;;;
19;51;40;6489749;19;13;;;;;;
19;52;71;6586994;33;30;;;;;;
19;53;71;6653104;32;31;;;;;;
19;54;70;6000400;33;30;;;;;;
19;55;71;6436298;35;28;;;;;;
19;56;75;6141630;33;35;;;;;;
19;57;59;6012108;29;23;;;;;;
19;58;40;5925276;20;13;;;;;;
19;59;57;6181368;28;22;;;;;;
19;60;142;6415729;59;75;;;;;;
19;61;1922;7192516;811;1103;;;;;;
19;62;2275;7581485;949;1317;;;;;;
19;63;2677;7353700;1112;1556;;;;;;
19;64;2059;7276477;874;1176;;;;;;
19;65;2508;7386875;976;1523;;;;;;
19;66;2396;7432384;984;1403;;;;;;
19;67;2513;7302206;986;1518;;;;;;
19;68;2569;7504928;1121;1439;;;;;;
19;69;2618;7556839;1029;1579;;;;;;
19;70;2772;7256576;1134;1629;;;;;;
19;71;5119;7879426;2076;3034;;;;;;
19;72;4219;7888582;1649;2561;;;;;;
19;73;4570;7677106;1861;2699;;;;;;
19;74;5760;8499982;2279;3471;;;;;;
19;75;6286;8271714;2549;3726;;;;;;
19;76;4810;7938590;1900;2899;;;;;;
19;77;4623;7914556;1873;2740;;;;;;
19;78;3908;7729804;1578;2321;;;;;;
19;79;4625;7794710;1902;2713;;;;;;
19;80;4615;8187385;1801;2805;;;;;;
20;1;1077;3926581;464;607;;;;;;
20;2;1272;3324506;597;670;;;;;;
20;3;1435;3456715;473;957;;;;;;
20;4;1621;3631425;572;1045;;;;;;
20;5;1022;3341025;495;523;;;;;;
20;6;1585;3494807;565;1015;;;;;;
20;7;982;3539098;359;619;;;;;;
20;8;1522;4153099;637;880;;;;;;
20;9;1396;3777424;575;816;;;;;;
20;10;1533;3947310;555;973;;;;;;
20;11;1678;7166755;624;1045;;;;;;
20;12;3364;7680667;1326;2028;;;;;;
20;13;2639;8141226;1043;1586;;;;;;
20;14;3052;7835169;1252;1791;;;;;;
20;15;2787;7370104;1085;1693;;;;;;
20;16;3552;8287105;1440;2102;;;;;;
20;17;2221;7459409;870;1341;;;;;;
20;18;2675;7767288;1122;1544;;;;;;
20;19;2283;7344624;947;1327;;;;;;
20;20;2156;7254713;865;1282;;;;;;
20;21;22;2990018;11;7;;;;;;
20;22;42;3154371;19;19;;;;;;
20;23;23;2866150;12;8;;;;;;
20;24;31;3045882;15;12;;;;;;
20;25;19;2800091;9;6;;;;;;
20;26;26;2899279;13;9;;;;;;
20;27;127;3201380;51;72;;;;;;
20;28;24;3119216;11;8;;;;;;
20;29;27;3228595;13;10;;;;;;
20;30;29;2918090;14;10;;;;;;
20;31;24;2957719;12;8;;;;;;
20;32;76;3363189;31;40;;;;;;
20;33;100;3320775;38;58;;;;;;
20;34;29;3242266;14;11;;;;;;
20;35;172;3140622;58;109;;;;;;
20;36;2254;3787320;923;1326;;;;;;
20;37;2406;3732924;999;1401;;;;;;
20;38;3119;4256469;1163;1950;;;;;;
20;39;2732;4208292;1142;1584;;;;;;
20;40;2348;3849125;911;1432;;;;;;
20;41;1256;3685724;468;783;;;;;;
20;42;2606;3901213;1088;1512;;;;;;
20;43;1857;3800991;741;1111;;;;;;
20;44;3469;4061217;1350;2113;;;;;;
20;45;2077;4097910;842;1230;;;;;;
20;46;2495;3917492;1018;1472;;;;;;
20;47;2594;3864618;1005;1583;;;;;;
20;48;2348;3856019;989;1354;;;;;;
20;49;2193;3834925;878;1310;;;;;;
20;50;2669;4095881;1111;1552;;;;;;
20;51;33;5679577;16;10;;;;;;
20;52;214;5926086;30;177;;;;;;
20;53;55;5391635;26;22;;;;;;
20;54;59;5325020;29;24;;;;;;
20;55;61;5417488;31;24;;;;;;
20;56;65;5283610;30;29;;;;;;
20;57;51;5062789;25;20;;;;;;
20;58;34;5276143;17;11;;;;;;
20;59;48;5126115;24;18;;;;;;
20;60;122;5534163;51;64;;;;;;
20;61;1771;6886890;800;963;;;;;;
20;62;2092;7450746;764;1319;;;;;;
20;63;2479;6965097;905;1565;;;;;;
20;64;2008;7440712;859;1140;;;;;;
20;65;2540;7526778;985;1547;;;;;;
20;66;2367;7465577;986;1372;;;;;;
20;67;2651;7629218;1099;1543;;;;;;
20;68;2315;7496825;910;1395;;;;;;
20;69;2673;7805669;1026;1638;;;;;;
20;70;3040;7834877;1269;1762;;;;;;
20;71;5036;8353948;1965;3060;;;;;;
20;72;4083;7761366;1642;2431;;;;;;
20;73;4454;7848083;1921;2523;;;;;;
20;74;5631;8331017;2220;3401;;;;;;
20;75;6141;8376696;2567;3564;;;;;;
20;76;5124;8147534;2107;3007;;;;;;
20;77;4535;8118200;1825;2700;;;;;;
20;78;3935;7886188;1640;2286;;;;;;
20;79;4616;7841785;1975;2631;;;;;;
20;80;4541;8178410;1789;2741;;;;;;
21;1;1193;3914385;592;596;;;;;;
21;2;1412;3857598;655;751;;;;;;
21;3;1552;3723520;597;950;;;;;;
21;4;1784;5025323;597;1181;;;;;;
21;5;1078;3635875;427;647;;;;;;
21;6;1691;3676525;741;945;;;;;;
21;7;980;3637920;357;619;;;;;;
21;8;1576;4002505;563;1008;;;;;;
21;9;1419;3626211;635;779;;;;;;
21;10;1335;3640602;484;845;;;;;;
21;11;1811;7173879;740;1063;;;;;;
21;12;3346;7907417;1336;2001;;;;;;
21;13;2814;7651568;1114;1690;;;;;;
21;14;2954;7575893;1222;1722;;;;;;
21;15;2742;7402545;1072;1661;;;;;;
21;16;3249;7800388;1328;1911;;;;;;
21;17;2295;7453544;950;1336;;;;;;
21;18;2501;7336212;983;1509;;;;;;
21;19;2490;7351626;1118;1362;;;;;;
21;20;2293;7282086;962;1322;;;;;;
21;21;25;3205825;12;9;;;;;;
21;22;47;3222719;20;23;;;;;;
21;23;26;3091689;12;9;;;;;;
21;24;36;3177968;16;16;;;;;;
21;25;22;3234218;10;8;;;;;;
21;26;30;3145813;14;12;;;;;;
21;27;131;3250579;53;74;;;;;;
21;28;22;2851544;11;7;;;;;;
21;29;24;2958000;12;8;;;;;;
21;30;30;2954817;15;11;;;;;;
21;31;25;3199180;12;9;;;;;;
21;32;76;3384069;31;40;;;;;;
21;33;98;3304210;37;57;;;;;;
21;34;29;3238000;13;12;;;;;;
21;35;176;3404974;60;112;;;;;;
21;36;2249;3591237;857;1387;;;;;;
21;37;2174;3746294;851;1318;;;;;;
21;38;3162;3830607;1288;1870;;;;;;
21;39;2585;3850311;1026;1554;;;;;;
21;40;2404;3653560;1013;1386;;;;;;
21;41;1228;3522415;463;760;;;;;;
21;42;2656;3858421;1141;1510;;;;;;
21;43;1873;3570999;740;1128;;;;;;
21;44;3295;3927328;1248;2042;;;;;;
21;45;2131;3916404;816;1310;;;;;;
21;46;2387;3705901;1001;1381;;;;;;
21;47;2640;3682167;1004;1631;;;;;;
21;48;2305;3671602;918;1382;;;;;;
21;49;2304;4048279;887;1412;;;;;;
21;50;2738;4085406;1179;1553;;;;;;
21;51;36;5771089;17;12;;;;;;
21;52;62;5727320;31;24;;;;;;
21;53;62;5802396;30;25;;;;;;
21;54;69;5798269;33;29;;;;;;
21;55;70;6038656;35;28;;;;;;
21;56;75;5730331;34;34;;;;;;
21;57;58;5759668;29;23;;;;;;
21;58;41;5646282;20;14;;;;;;
21;59;57;5938634;28;22;;;;;;
21;60;134;6292884;56;71;;;;;;
21;61;1899;7831014;746;1143;;;;;;
21;62;2203;7285684;879;1314;;;;;;
21;63;2755;7351000;1140;1605;;;;;;
21;64;2055;7227184;860;1186;;;;;;
21;65;2622;7459463;1027;1587;;;;;;
21;66;2157;7013819;761;1388;;;;;;
21;67;2540;7343212;1040;1490;;;;;;
21;68;2198;6810557;1087;1103;;;;;;
21;69;2679;7224513;1025;1645;;;;;;
21;70;2786;7625178;1063;1713;;;;;;
21;71;5253;7892724;2029;3214;;;;;;
21;72;4127;7685056;1715;2402;;;;;;
21;73;4363;7742109;1765;2588;;;;;;
21;74;5594;8197230;2116;3467;;;;;;
21;75;6138;8271062;2492;3636;;;;;;
21;76;4808;7907840;1903;2895;;;;;;
21;77;4851;7944499;1983;2858;;;;;;
21;78;3850;7761701;1620;2220;;;;;;
21;79;4498;7654436;1842;2646;;;;;;
21;80;4584;7887128;1901;2674;;;;;;
22;1;1222;3591921;588;630;;;;;;
22;2;1330;3434766;552;773;;;;;;
22;3;1604;3441391;574;1026;;;;;;
22;4;1611;3471015;589;1017;;;;;;
22;5;1206;3352512;512;689;;;;;;
22;6;1585;3441701;658;922;;;;;;
22;7;959;3314706;353;602;;;;;;
22;8;1477;3567526;586;886;;;;;;
22;9;1519;3482803;656;858;;;;;;
22;10;1293;3389384;479;810;;;;;;
22;11;1928;6952413;827;1092;;;;;;
22;12;3245;6897303;1298;1939;;;;;;
22;13;2723;7061585;1043;1672;;;;;;
22;14;3100;7174029;1365;1726;;;;;;
22;15;2909;7071190;1082;1818;;;;;;
22;16;3292;7263955;1363;1919;;;;;;
22;17;2200;6771483;895;1297;;;;;;
22;18;2658;6954515;1077;1572;;;;;;
22;19;2449;6797015;1039;1402;;;;;;
22;20;2236;6833241;945;1283;;;;;;
22;21;24;3053117;11;9;;;;;;
22;22;48;3153403;20;24;;;;;;
22;23;25;2920825;12;10;;;;;;
22;24;35;3004703;16;15;;;;;;
22;25;21;2960481;9;8;;;;;;
22;26;29;2990920;13;12;;;;;;
22;27;126;2977593;50;72;;;;;;
22;28;21;2728920;11;7;;;;;;
22;29;23;2744132;11;8;;;;;;
22;30;28;2739018;14;11;;;;;;
22;31;23;2794925;12;8;;;;;;
22;32;65;2930884;29;32;;;;;;
22;33;85;2855826;35;46;;;;;;
22;34;27;3117841;12;10;;;;;;
22;35;171;2910878;56;111;;;;;;
22;36;2346;3520022;943;1398;;;;;;
22;37;2368;3382381;1053;1310;;;;;;
22;38;3098;3615892;1175;1918;;;;;;
22;39;2624;3640471;1023;1595;;;;;;
22;40;2444;3412871;1029;1411;;;;;;
22;41;1275;3373708;471;799;;;;;;
22;42;2592;3858015;1065;1521;;;;;;
22;43;1898;3336734;729;1164;;;;;;
22;44;3230;3711971;1267;1958;;;;;;
22;45;2104;3449888;824;1275;;;;;;
22;46;2411;3453007;1061;1345;;;;;;
22;47;2565;3493823;995;1565;;;;;;
22;48;2428;3515202;995;1428;;;;;;
22;49;2369;3637293;969;1395;;;;;;
22;50;2725;3771400;1126;1595;;;;;;
22;51;35;5349200;17;11;;;;;;
22;52;61;5516400;30;24;;;;;;
22;53;63;5552100;30;26;;;;;;
22;54;71;5699500;33;32;;;;;;
22;55;80;6573900;37;35;;;;;;
22;56;86;6143400;36;43;;;;;;
22;57;67;6044700;31;29;;;;;;
22;58;45;5909300;22;16;;;;;;
22;59;59;5565100;29;23;;;;;;
22;60;134;5786000;56;70;;;;;;
22;61;1740;6396400;641;1092;;;;;;
22;62;2177;6600200;1014;1154;;;;;;
22;63;2615;6827700;1040;1567;;;;;;
22;64;2100;6720600;775;1317;;;;;;
22;65;2477;6684400;901;1567;;;;;;
22;66;2390;6860400;1005;1377;;;;;;
22;67;2546;6929600;998;1539;;;;;;
22;68;2237;6739900;891;1338;;;;;;
22;69;2722;6921500;1124;1589;;;;;;
22;70;3098;7502700;1274;1814;;;;;;
22;71;5364;7334600;2185;3169;;;;;;
22;72;4188;7058700;1699;2479;;;;;;
22;73;4414;7214900;1773;2632;;;;;;
22;74;5752;7782900;2316;3426;;;;;;
22;75;6288;7639500;2673;3605;;;;;;
22;76;4731;7342500;1874;2848;;;;;;
22;77;4619;7445900;1912;2697;;;;;;
22;78;3877;7204300;1622;2246;;;;;;
22;79;4507;7252100;1810;2688;;;;;;
22;80;4699;7355100;1830;2860;;;;;;
23;1;1200;3771900;595;600;;;;;;
23;2;1361;3488000;628;729;;;;;;
23;3;1518;3688800;516;997;;;;;;
23;4;1688;3839400;651;1032;;;;;;
23;5;1235;3396300;470;761;;;;;;
23;6;1613;3872300;653;955;;;;;;
23;7;962;3460300;355;602;;;;;;
23;8;1558;3619900;553;1001;;;;;;
23;9;1520;3724100;667;848;;;;;;
23;10;1332;3646400;486;841;;;;;;
23;11;1942;6844900;794;1139;;;;;;
23;12;3196;7612200;1253;1934;;;;;;
23;13;2990;7571400;1227;1754;;;;;;
23;14;2978;7356000;1133;1836;;;;;;
23;15;2987;7488300;1123;1855;;;;;;
23;16;3213;7893100;1285;1919;;;;;;
23;17;2291;7379500;828;1454;;;;;;
23;18;2601;7405200;1084;1508;;;;;;
23;19;2261;7182400;956;1296;;;;;;
23;20;2256;7118900;932;1315;;;;;;
23;21;22;2874700;11;7;;;;;;
23;22;41;2893300;19;18;;;;;;
23;23;23;2807800;11;8;;;;;;
23;24;31;2858700;15;12;;;;;;
23;25;18;2784000;9;6;;;;;;
23;26;26;2807100;13;10;;;;;;
23;27;128;3087000;52;72;;;;;;
23;28;22;2836200;11;7;;;;;;
23;29;23;2890200;12;8;;;;;;
23;30;29;2927700;14;11;;;;;;
23;31;24;3024100;12;8;;;;;;
23;32;65;3027400;29;32;;;;;;
23;33;84;2932500;35;46;;;;;;
23;34;26;2814300;12;10;;;;;;
23;35;158;2922800;55;99;;;;;;
23;36;2370;3974600;923;1442;;;;;;
23;37;2165;3599000;848;1312;;;;;;
23;38;3240;3864100;1307;1927;;;;;;
23;39;2747;3953200;1113;1629;;;;;;
23;40;2476;3603200;1087;1384;;;;;;
23;41;1255;3587900;465;785;;;;;;
23;42;2554;3870400;1046;1503;;;;;;
23;43;1895;3561200;748;1143;;;;;;
23;44;3436;3951700;1378;2052;;;;;;
23;45;2124;3646200;848;1271;;;;;;
23;46;2248;3718400;873;1371;;;;;;
23;47;2602;3596200;1096;1501;;;;;;
23;48;2414;3653800;920;1489;;;;;;
23;49;2266;4042200;876;1385;;;;;;
23;50;2649;3951100;1040;1604;;;;;;
23;51;34;5624000;18;10;;;;;;
23;52;66;6256200;32;27;;;;;;
23;53;58;5804300;28;23;;;;;;
23;54;61;5406000;30;25;;;;;;
23;55;59;5098900;30;23;;;;;;
23;56;63;5012200;29;28;;;;;;
23;57;50;5004400;25;19;;;;;;
23;58;169;4935500;17;146;;;;;;
23;59;53;5613500;26;20;;;;;;
23;60;205;5829100;121;77;;;;;;
23;61;1891;7274600;762;1119;;;;;;
23;62;2268;7146900;953;1306;;;;;;
23;63;2634;7366600;1011;1614;;;;;;
23;64;2096;6931500;887;1200;;;;;;
23;65;2466;7206400;969;1489;;;;;;
23;66;2555;7084800;1179;1368;;;;;;
23;67;2642;7516000;1007;1625;;;;;;
23;68;2224;7144200;906;1309;;;;;;
23;69;2644;7238900;1043;1593;;;;;;
23;70;3036;7464600;1342;1684;;;;;;
23;71;5009;7690000;1964;3035;;;;;;
23;72;4256;7613700;1720;2527;;;;;;
23;73;4490;7757000;1858;2623;;;;;;
23;74;5640;8568900;2243;3386;;;;;;
23;75;6070;8296900;2452;3608;;;;;;
23;76;4774;7789800;1868;2896;;;;;;
23;77;4666;8241100;1837;2818;;;;;;
23;78;3695;7277200;1609;2077;;;;;;
23;79;4465;7497500;1610;2845;;;;;;
23;80;4538;7614800;1669;2859;;;;;;
24;1;1076;3755100;493;577;;;;;;
24;2;1329;3722100;576;747;;;;;;
24;3;1590;3916700;610;975;;;;;;
24;4;1619;3870900;588;1026;;;;;;
24;5;1236;3728700;569;662;;;;;;
24;6;1746;4084800;657;1084;;;;;;
24;7;978;3707500;356;616;;;;;;
24;8;1461;3916300;647;809;;;;;;
24;9;1508;3966900;654;849;;;;;;
24;10;1398;3836000;484;908;;;;;;
24;11;1861;7649800;726;1127;;;;;;
24;12;3324;7973400;1223;2091;;;;;;
24;13;2741;7690300;994;1737;;;;;;
24;14;3135;8210100;1264;1861;;;;;;
24;15;2803;7611200;1137;1657;;;;;;
24;16;3412;8119700;1448;1954;;;;;;
24;17;2231;7663500;924;1297;;;;;;
24;18;2721;7928300;974;1738;;;;;;
24;19;2219;9093500;862;1346;;;;;;
24;20;2362;7671700;1019;1333;;;;;;
24;21;22;3042800;11;7;;;;;;
24;22;44;3242700;20;20;;;;;;
24;23;26;3298100;12;10;;;;;;
24;24;35;3381900;16;15;;;;;;
24;25;19;3066800;9;6;;;;;;
24;26;30;3219300;13;12;;;;;;
24;27;134;3447100;53;76;;;;;;
24;28;22;3116300;11;7;;;;;;
24;29;23;2998200;12;8;;;;;;
24;30;30;3025400;15;11;;;;;;
24;31;24;3029000;12;8;;;;;;
24;32;66;3290500;30;32;;;;;;
24;33;85;3179000;35;46;;;;;;
24;34;26;3048800;13;9;;;;;;
24;35;157;3283400;55;97;;;;;;
24;36;2328;3874600;948;1375;;;;;;
24;37;2191;3894700;872;1314;;;;;;
24;38;3169;4047300;1285;1878;;;;;;
24;39;2681;4210500;1055;1620;;;;;;
24;40;2264;3925100;913;1345;;;;;;
24;41;1399;3841400;590;804;;;;;;
24;42;2404;3961700;955;1444;;;;;;
24;43;1797;3674000;722;1070;;;;;;
24;44;3463;4105600;1376;2081;;;;;;
24;45;2074;3846400;832;1237;;;;;;
24;46;2281;3969100;896;1379;;;;;;
24;47;2619;3982100;1013;1601;;;;;;
24;48;2260;3891200;901;1353;;;;;;
24;49;2361;3854200;1027;1329;;;;;;
24;50;2617;4157600;1019;1593;;;;;;
24;51;40;6635200;18;14;;;;;;
24;52;73;6915700;33;32;;;;;;
24;53;72;6861500;32;32;;;;;;
24;54;79;6767100;35;36;;;;;;
24;55;81;7088200;37;35;;;;;;
24;56;86;8151400;36;40;;;;;;
24;57;64;6855600;30;26;;;;;;
24;58;39;5896700;20;12;;;;;;
24;59;57;6323700;28;21;;;;;;
24;60;133;6501800;57;69;;;;;;
24;61;1876;7274100;749;1118;;;;;;
24;62;2240;8185300;886;1344;;;;;;
24;63;2713;8140800;1129;1574;;;;;;
24;64;2045;7884000;816;1219;;;;;;
24;65;2520;7602700;960;1551;;;;;;
24;66;2282;7639800;899;1374;;;;;;
24;67;2708;7651000;1181;1519;;;;;;
24;68;2413;7709900;990;1414;;;;;;
24;69;2616;7735900;1035;1571;;;;;;
24;70;2819;7812800;1129;1680;;;;;;
24;71;5441;8203300;2299;3132;;;;;;
24;72;4177;7948100;1647;2520;;;;;;
24;73;4390;7869200;1771;2610;;;;;;
24;74;5749;8431800;2346;3393;;;;;;
24;75;6136;8496700;2524;3601;;;;;;
24;76;4988;8379900;2076;2902;;;;;;
24;77;4605;8723000;1806;2788;;;;;;
24;78;3814;7763100;1586;2218;;;;;;
24;79;4457;8029100;1776;2671;;;;;;
24;80;4575;7997600;1821;2744;;;;;;
